Sample_ID,Location,Date_Entered,Date_Sampled,Group,Bag_ID,WGFD_TagNum,Length_in,Weight,Scales,Age,Otoliths,Sex,WGFD_Notes,SJ_Notes,Crossed_with
SAR_21_5501,Little Wind R,10/21/23,5/13/21,F1 - Spawning,A,5501 A/B,21.8,,N,,,,BBT: 17.9,,
SAR_21_5502,Little Wind R,10/21/23,5/13/21,F1 - Spawning,A,5502 A/B,16.3,,N,,,,,,
SAR_21_5503,Little Wind R,10/21/23,5/13/21,F1 - Spawning,A,5503 A/B,15.6,,N,,,,,,
SAR_21_5504,Little Wind R,10/21/23,5/13/21,F1 - Spawning,A,5504 A/B,16.9,,N,,,,,,
SAR_21_5505,Little Wind R,10/21/23,5/13/21,F1 - Spawning,A,5505 A/B,16,,N,,,,,,
SAR_21_5506,Little Wind R,10/21/23,5/13/21,F1 - Spawning,A,5506 A/B,13.9,,N,,,,,,
SAR_21_5507,Little Wind R,10/21/23,5/13/21,F1 - Spawning,A,5507 A/B,14.4,,N,,,,,,
SAR_21_5508,Little Wind R,10/21/23,5/13/21,F1 - Spawning,A,5508 A/B,15,,N,,,,,,
SAR_21_5509,Little Wind R,10/21/23,5/13/21,F1 - Spawning,A,5509 A/B,18.9,,Y,5,,,,,
SAR_21_5510,Little Wind R,10/21/23,5/13/21,F1 - Spawning,A,5510 A/B,15,,N,,,,,,
SAR_21_5511,Little Wind R,10/21/23,5/13/21,F1 - Spawning,A,5511 A/B,16.4,,N,,,,,,
SAR_21_5512,Little Wind R,10/21/23,5/13/21,F1 - Spawning,A,5512 A/B,13.6,,N,,,,,,
SAR_21_5513,Little Wind R,10/21/23,5/13/21,F1 - Spawning,A,5513 A/B,13.7,,N,,,,,,
SAR_21_5514,Little Wind R,10/21/23,5/13/21,F1 - Spawning,A,5514 A/B,15.3,,N,,,,,,
SAR_21_5515,Little Wind R,10/21/23,5/13/21,F1 - Spawning,A,5515 A/B,14.4,,N,,,,,,
SAR_21_5516,Little Wind R,10/21/23,5/13/21,F1 - Spawning,A,5516 A/B,15.2,,N,,,,,,
SAR_21_5517,Little Wind R,10/21/23,5/13/21,F1 - Spawning,A,5517 A/B,15.3,,N,,,,,,
SAR_21_5518,Little Wind R,10/21/23,5/13/21,F1 - Spawning,A,5518 A/B,12.8,,N,,,,,,
SAR_21_5519,Little Wind R,10/21/23,5/13/21,F1 - Spawning,A,5519 A/B,14.5,,N,,,,,,
SAR_21_5520,Little Wind R,10/21/23,5/13/21,F1 - Spawning,A,5520 A/B,14.3,,N,,,,,,
SAR_21_5521,Little Wind R,10/21/23,5/13/21,F1 - Spawning,A,5521 A/B,17.8,,Y,4,,,,,
SAR_21_5522,Little Wind R,10/21/23,5/13/21,F1 - Spawning,A,5522 A/B,14.6,,N,,,,,,
SAR_21_5523,Little Wind R,10/21/23,5/13/21,F1 - Spawning,A,5523 A/B,13.4,,N,,,,,,
SAR_21_5524,Little Wind R,10/21/23,5/13/21,F1 - Spawning,A,5524 A/B,15.1,,N,,,,,,
SAR_21_5525,Little Wind R,10/21/23,5/13/21,F1 - Spawning,A,5525 A/B,13.5,,N,,,,,,
SAR_21_5526,Little Wind R,10/21/23,5/13/21,F1 - Spawning,A,5526 A/B,17.2,,Y,4,,,,,
SAR_21_5527,Little Wind R,10/21/23,5/13/21,F1 - Spawning,A,5527 A/B,18.9,,Y,7,,,,,
SAR_21_5528,Little Wind R,10/21/23,5/13/21,F1 - Spawning,A,5528 A/B,14.4,,N,,,,,,
SAR_21_5529,Little Wind R,10/21/23,5/13/21,F1 - Spawning,A,5529 A/B,16.1,,N,,,,,,
SAR_21_5530,Little Wind R,10/21/23,5/13/21,F1 - Spawning,A,5530 A/B,15.2,,N,,,,,,
SAR_21_5531,Little Wind R,10/21/23,5/13/21,F1 - Spawning,A,5531 A/B,13.7,,N,,,,,,
SAR_21_5532,Little Wind R,10/21/23,5/13/21,F1 - Spawning,A,5532 A/B,14.1,,N,,,,,,
SAR_21_5533,Little Wind R,10/21/23,5/13/21,F1 - Spawning,A,5533 A/B,13.4,,N,,,,,,
SAR_21_5534,Little Wind R,10/21/23,5/13/21,F1 - Spawning,A,5534 A/B,14.2,,N,,,,,,
SAR_21_5535,Little Wind R,10/21/23,5/13/21,F1 - Spawning,A,5535 A/B,15.3,,N,,,,,,
SAR_21_5536,Little Wind R,10/21/23,5/13/21,F1 - Spawning,A,5536 A/B,15,,N,,,,Recapture 5202,,
SAR_21_5537,Little Wind R,10/21/23,5/13/21,F1 - Spawning,A,5537 A/B,13.8,,N,,,,,,
SAR_21_5538,Little Wind R,10/21/23,5/13/21,F1 - Spawning,A,5538 A/B,11.6,,N,,,,,,
SAR_21_5539,Little Wind R,10/21/23,5/13/21,F1 - Spawning,A,5539 A/B,13.9,,N,,,,,,
SAR_21_5540,Little Wind R,10/21/23,5/13/21,F1 - Spawning,A,5540 A/B,14,,N,,,,,,
SAR_21_5541,Little Wind R,10/21/23,5/13/21,F1 - Spawning,A,5541 A/B,15,,N,,,,,,
SAR_21_5542,Little Wind R,10/21/23,5/13/21,F1 - Spawning,A,5542 A/B,15.4,,N,,,,,,
SAR_21_5543,Little Wind R,10/21/23,5/13/21,F1 - Spawning,A,5543 A/B,15,,N,,,,,,
SAR_21_5544,Little Wind R,10/21/23,5/13/21,F1 - Spawning,A,5544 A/B,15.3,,N,,,,,,
SAR_21_5545,Little Wind R,10/21/23,5/13/21,F1 - Spawning,A,5545 A/B,14.7,,N,,,,,,
SAR_21_5546,Little Wind R,10/21/23,5/13/21,F1 - Spawning,A,5546 A/B,16.1,,N,,,,,,
SAR_21_5547,Little Wind R,10/21/23,5/13/21,F1 - Spawning,A,5547 A/B,13.3,,N,,,,,,
SAR_21_5548,Little Wind R,10/21/23,5/13/21,F1 - Spawning,A,5548 A/B,14.4,,N,,,,,,
SAR_21_5549,Little Wind R,10/21/23,5/13/21,F1 - Spawning,A,5549 A/B,15.9,,N,,,,,,
SAR_21_5550,Little Wind R,10/21/23,5/13/21,F1 - Spawning,A,5550 A/B,15,,N,,,,,,
SAR_21_5551,Little Wind R,10/21/23,5/13/21,F1 - Spawning,B,5551 A/B,16,,N,,,,,,
SAR_21_5552,Little Wind R,10/21/23,5/13/21,F1 - Spawning,B,5552 A/B,15.2,,N,,,,,,
SAR_21_5553,Little Wind R,10/21/23,5/13/21,F1 - Spawning,B,5553 A/B,14.6,,N,,,,,,
SAR_21_5554,Little Wind R,10/21/23,5/13/21,F1 - Spawning,B,5554 A/B,14.8,,N,,,,,,
SAR_21_5555,Little Wind R,10/21/23,5/13/21,F1 - Spawning,B,5555 A/B,15.9,,N,,,,,,
SAR_21_5556,Little Wind R,10/21/23,5/13/21,F1 - Spawning,B,5556 A/B,14.3,,N,,,,,,
SAR_21_5557,Little Wind R,10/21/23,5/13/21,F1 - Spawning,B,5557 A/B,15.7,,N,,,,,,
SAR_21_5558,Little Wind R,10/21/23,5/13/21,F1 - Spawning,B,5558 A/B,14.6,,N,,,,,,
SAR_21_5559,Little Wind R,10/21/23,5/13/21,F1 - Spawning,B,5559 A/B,15.4,,N,,,,,,
SAR_21_5560,Little Wind R,10/21/23,5/13/21,F1 - Spawning,B,5560 A/B,15.3,,N,,,,,,
SAR_21_5561,Little Wind R,10/21/23,5/13/21,F1 - Spawning,B,5561 A/B,15,,N,,,,,,
SAR_21_5562,Little Wind R,10/21/23,5/13/21,F1 - Spawning,B,5562 A/B,15,,N,,,,,,
SAR_21_5563,Little Wind R,10/21/23,5/13/21,F1 - Spawning,B,5563 A/B,14.8,,N,,,,,,
SAR_21_5564,Little Wind R,10/21/23,5/13/21,F1 - Spawning,B,5564 A/B,14.7,,N,,,,,,
SAR_21_5565,Little Wind R,10/21/23,5/13/21,F1 - Spawning,B,5565 A/B,14.6,,N,,,,,,
SAR_21_5566,Little Wind R,10/21/23,5/13/21,F1 - Spawning,B,5566 A/B,14.9,,N,,,,,,
SAR_21_5567,Little Wind R,10/21/23,5/13/21,F1 - Spawning,B,5567 A/B,14.1,,N,,,,,,
SAR_21_5568,Little Wind R,10/21/23,5/13/21,F1 - Spawning,B,5568 A/B,14.5,,N,,,,,,
SAR_21_5569,Little Wind R,10/21/23,5/13/21,F1 - Spawning,B,5569 A/B,14.7,,N,,,,,,
SAR_21_5570,Little Wind R,10/21/23,5/13/21,F1 - Spawning,B,5570 A/B,14.3,,N,,,,,,
SAR_21_5571,Little Wind R,10/21/23,5/13/21,F1 - Spawning,B,5571 A/B,14.8,,N,,,,,,
SAR_21_5572,Little Wind R,10/21/23,5/13/21,F1 - Spawning,B,5572 A/B,17.6,,Y,6,,,,,
SAR_21_5573,Little Wind R,10/21/23,5/13/21,F1 - Spawning,B,5573 A/B,13.8,,N,,,,,,
SAR_21_5574,Little Wind R,10/21/23,5/13/21,F1 - Spawning,B,5574 A/B,20.9,,Y,6,,,,,
SAR_21_5575,Little Wind R,10/21/23,5/13/21,F1 - Spawning,B,5575 A/B,17.8,,Y,5,,,,,
SAR_21_5576,Little Wind R,10/21/23,5/13/21,F1 - Spawning,B,5576 A/B,13.9,,N,,,,,,
SAR_21_5577,Little Wind R,10/21/23,5/13/21,F1 - Spawning,B,5577 A/B,15.7,,N,,,,,,
SAR_21_5578,Little Wind R,10/21/23,5/13/21,F1 - Spawning,B,5578 A/B,19.5,,Y,6,,,,,
SAR_21_5579,Little Wind R,10/21/23,5/13/21,F1 - Spawning,B,5579 A/B,13.7,,N,,,,,,
SAR_21_5580,Little Wind R,10/21/23,5/13/21,F1 - Spawning,B,5580 A/B,15.8,,N,,,,,,
SAR_21_5581,Little Wind R,10/21/23,5/13/21,F1 - Spawning,B,5581 A/B,14.2,,N,,,,,,
SAR_21_5582,Little Wind R,10/21/23,5/13/21,F1 - Spawning,B,5582 A/B,15,,N,,,,,MISSING FIN CLIP,
SAR_21_5583,Little Wind R,10/21/23,5/13/21,F1 - Spawning,B,5583 A/B,14.5,,N,,,,,,
SAR_21_5584,Little Wind R,10/21/23,5/13/21,F1 - Spawning,B,5584 A/B,14.7,,N,,,,,,
SAR_21_5585,Little Wind R,10/21/23,5/13/21,F1 - Spawning,B,5585 A/B,16.9,,N,,,,,,
SAR_21_5586,Little Wind R,10/21/23,5/13/21,F1 - Spawning,B,5586 A/B,13.2,,N,,,,,,
SAR_21_5587,Little Wind R,10/21/23,5/13/21,F1 - Spawning,B,5587,17.3,,Y,5,,,,,
SAR_21_5588,Little Wind R,10/21/23,5/13/21,F1 - Spawning,B,5588,14.5,,N,,,,,,
SAR_21_5589,Little Wind R,10/21/23,5/13/21,F1 - Spawning,B,5589,13.5,,N,,,,,,
SAR_21_5590,Little Wind R,10/21/23,5/13/21,F1 - Spawning,B,5590,14,,N,,,,,,
SAR_21_5591,Little Wind R,10/21/23,5/13/21,F1 - Spawning,B,5591,13.9,,N,,,,,,
SAR_21_5592,Little Wind R,10/21/23,5/13/21,F1 - Spawning,B,5592,13.5,,N,,,,,,
SAR_21_5593,Little Wind R,10/21/23,5/13/21,F1 - Spawning,B,5593,14.7,,N,,,,,,
SAR_21_5594,Little Wind R,10/21/23,5/13/21,F1 - Spawning,B,5594,15.1,,N,,,,,,
SAR_21_5595,Little Wind R,10/21/23,5/13/21,F1 - Spawning,B,5595,13.9,,N,,,,,,
SAR_21_5596,Little Wind R,10/21/23,5/13/21,F1 - Spawning,B,5596,18.7,,Y,6,,,,,
SAR_21_5597,Little Wind R,10/21/23,5/13/21,F1 - Spawning,B,5597,14.8,,N,,,,,,
SAR_21_5598,Little Wind R,10/21/23,5/13/21,F1 - Spawning,B,5598,14.9,,N,,,,,,
SAR_21_5599,Little Wind R,10/21/23,5/13/21,F1 - Spawning,B,5599,15.3,,N,,,,,,
SAR_21_5600,Little Wind R,10/21/23,5/13/21,F1 - Spawning,B,5600,13.8,,N,,,,,,
SAR_21_5601,Little Wind R,10/21/23,5/13/21,F1 - Spawning,C,5601,16.5,,N,,,,,,
SAR_21_5602,Little Wind R,10/21/23,5/13/21,F1 - Spawning,C,5602,15.3,,N,,,,,,
SAR_21_5603,Little Wind R,10/21/23,5/13/21,F1 - Spawning,C,5603,14.8,,N,,,,,,
SAR_21_5604,Little Wind R,10/21/23,5/13/21,F1 - Spawning,C,5604,15.7,,N,,,,,,
SAR_21_5605,Little Wind R,10/21/23,5/13/21,F1 - Spawning,C,5605,14,,N,,,,,,
SAR_21_5606,Little Wind R,10/21/23,5/17/21,F1 - Spawning,C,5606,15.5,0.96,N,,,,,,
SAR_21_5607,Little Wind R,10/21/23,5/17/21,F1 - Spawning,C,5607,15,0.9,N,,,,,,
SAR_21_5608,Little Wind R,10/21/23,5/17/21,F1 - Spawning,C,5608,14.3,0.76,N,,,,,,
SAR_21_5609,Little Wind R,10/21/23,5/17/21,F1 - Spawning,C,5609,18.1,1.66,N,,,,,,
SAR_21_5610,Little Wind R,10/21/23,5/17/21,F1 - Spawning,C,5610,13.2,0.58,N,,,,,,
SAR_21_5611,Little Wind R,10/21/23,5/17/21,F1 - Spawning,C,5611,16.3,1.1,N,,,,,,
SAR_21_5612,Little Wind R,10/21/23,5/17/21,F1 - Spawning,C,5612,15.2,0.92,N,,,,Recapture 5155,,
SAR_21_5613,Little Wind R,10/21/23,5/17/21,F1 - Spawning,C,5613,16.2,1.06,N,,,,,,
SAR_21_5614,Little Wind R,10/21/23,5/17/21,F1 - Spawning,C,5614,16.3,1.18,N,,,,,,
SAR_21_5615,Little Wind R,10/21/23,5/17/21,F1 - Spawning,C,5615,15.4,0.94,N,,,,,,
SAR_21_5616,Little Wind R,10/21/23,5/17/21,F1 - Spawning,C,5616,13.5,0.62,N,,,,,,
SAR_21_5617,Little Wind R,10/21/23,5/17/21,F1 - Spawning,C,5617,15,0.88,N,,,,,,
SAR_21_5618,Little Wind R,10/21/23,5/17/21,F1 - Spawning,C,5618,14.9,0.7,N,,,,,,
SAR_21_5619,Little Wind R,10/21/23,5/17/21,F1 - Spawning,C,5619,14.5,0.74,N,,,,,,
SAR_21_5620,Little Wind R,10/21/23,5/17/21,F1 - Spawning,C,5620,14.9,0.8,N,,,,,,
SAR_21_5621,Little Wind R,10/21/23,5/17/21,F1 - Spawning,C,5621,14.3,0.68,N,,,,,,
SAR_21_5622,Little Wind R,10/21/23,5/17/21,F1 - Spawning,C,5622,14.2,0.74,N,,,,,,
SAR_21_5623,Little Wind R,10/21/23,5/17/21,F1 - Spawning,C,5623,15.3,0.88,N,,,,,,
SAR_21_5624,Little Wind R,10/21/23,5/17/21,F1 - Spawning,C,5624,16,1.06,N,,,,,,
SAR_21_5625,Little Wind R,10/21/23,5/17/21,F1 - Spawning,C,5625,13.3,0.58,N,,,,,,
SAR_21_5626,Little Wind R,10/21/23,5/17/21,F1 - Spawning,C,5626,14.2,0.75,N,,,,,,
SAR_21_5627,Little Wind R,10/21/23,5/17/21,F1 - Spawning,C,5627,15.5,0.9,N,,,,,,
SAR_21_5628,Little Wind R,10/21/23,5/17/21,F1 - Spawning,C,5628,14.9,0.86,N,,,,,,
SAR_21_5629,Little Wind R,10/21/23,5/17/21,F1 - Spawning,C,5629,16,1.28,N,,,,,,
SAR_21_5630,Little Wind R,10/21/23,5/17/21,F1 - Spawning,C,5630,14.5,0.78,N,,,,,,
SAR_21_5631,Little Wind R,10/21/23,5/17/21,F1 - Spawning,C,5631,18.4,1.88,Y,6,,,,,
SAR_21_5632,Little Wind R,10/21/23,5/17/21,F1 - Spawning,C,5632,14,0.72,N,,,,,,
SAR_21_5633,Little Wind R,10/21/23,5/17/21,F1 - Spawning,C,5633,15,0.94,N,,,,,,
SAR_21_5634,Little Wind R,10/21/23,5/17/21,F1 - Spawning,C,5634,16,1.06,N,,,,,,
SAR_21_5635,Little Wind R,10/21/23,5/17/21,F1 - Spawning,C,5635,16.4,1.34,N,,,,,,
SAR_21_5636,Little Wind R,10/21/23,5/17/21,F1 - Spawning,C,5636,19.3,2.72,Y,7,,,,,
SAR_21_5637,Little Wind R,10/21/23,5/17/21,F1 - Spawning,C,5637,16.4,1.1,N,,,,,,
SAR_21_5638,Little Wind R,10/21/23,5/17/21,F1 - Spawning,C,5638,13.8,0.66,N,,,,,,
SAR_21_5639,Little Wind R,10/21/23,5/17/21,F1 - Spawning,C,5639,14.3,0.76,N,,,,,,
SAR_21_5640,Little Wind R,10/21/23,5/17/21,F1 - Spawning,C,5640,18.4,1.94,Y,5,,,,,
SAR_21_5641,Little Wind R,10/21/23,5/17/21,F1 - Spawning,C,5641,17,1.6,Y,4,,,,MISSING FIN CLIP,
SAR_21_5642,Little Wind R,10/21/23,5/24/21,F1 - Spawning,C,5642,24.5,4.56,Y,,,,"Recap 4860, new tag",,
SAR_21_5643,Little Wind R,10/21/23,5/24/21,F1 - Spawning,C,5643,14.2,0.76,Y,,,,,,
SAR_21_5644,Little Wind R,10/21/23,5/24/21,F1 - Spawning,C,5644,14.7,0.76,Y,,,,,,
SAR_21_5645,Little Wind R,10/21/23,5/24/21,F1 - Spawning,C,5645,13.9,0.68,Y,,,,,,
SAR_21_5646,Little Wind R,10/21/23,5/24/21,F1 - Spawning,C,5646,15.6,0.96,Y,,,,,,
SAR_21_5647,Little Wind R,10/21/23,5/24/21,F1 - Spawning,C,5647,15.9,1.04,Y,,,,,MISSING FIN CLIP,
SAR_21_5648,Little Wind R,10/21/23,5/24/21,F1 - Spawning,C,5648,14.9,0.88,Y,,,,,,
SAR_21_5649,Little Wind R,10/21/23,5/24/21,F1 - Spawning,C,5649,15.8,1.14,Y,,,,,,
SAR_21_5650,Little Wind R,10/21/23,5/24/21,F1 - Spawning,C,5650,14.2,0.68,Y,,,,,,
SAR_21_5652,"Wind River, Upstream of Boysen",11/8/23,5/18/21,F1 - Spawning,C,5652,16.1,,,,,I,,MISSING FIN CLIP,
SAR_21_5653,"Wind River, Upstream of Boysen",11/8/23,5/18/21,F1 - Spawning,C,5653,154,,,5,,RM,,,
SAR_21_5654,"Wind River, Upstream of Boysen",11/8/23,5/18/21,F1 - Spawning,C,5654,18.5,,,6,,GF,,,
SAR_21_5655,"Wind River, Upstream of Boysen",11/8/23,5/18/21,F1 - Spawning,C,5655,15.1,,,4,,GF,,,
SAR_21_5657,"Wind River, Upstream of Boysen",11/8/23,5/18/21,F1 - Spawning,C,5657,18.9,,,5,,GF,,,
SAR_21_5658,"Wind River, Upstream of Boysen",11/8/23,5/18/21,F1 - Spawning,C,5658,15.7,,,4,,GF,,,
SAR_21_5659,"Wind River, Upstream of Boysen",11/8/23,5/18/21,F1 - Spawning,C,5659,14.3,,,3,,RM,,,
SAR_21_5661,Little Wind R,10/21/23,5/24/21,F1 - Spawning,C,5661,15.2,1,Y,,,,,NO 5660,
SAR_21_5662,Little Wind R,10/21/23,5/24/21,F1 - Spawning,C,5662,15,0.9,Y,,,,,,
SAR_21_5663,Little Wind R,10/21/23,5/24/21,F1 - Spawning,C,5663,18.5,1.8,Y,,,,Age 6 or 7,,
SAR_21_5664,Little Wind R,10/21/23,5/24/21,F1 - Spawning,C,5664,14.8,0.86,Y,,,,,,
SAR_21_5665,Little Wind R,10/21/23,5/24/21,F1 - Spawning,C,5665,17.2,1.3,Y,6,,,,,
SAR_21_5666,Little Wind R,10/21/23,5/24/21,F1 - Spawning,C,5666,14.7,0.84,Y,,,,,,
SAR_21_5667,Little Wind R,10/21/23,5/24/21,F1 - Spawning,C,5667,13.5,0.56,Y,,,,,,
SAR_21_5668,Little Wind R,10/21/23,5/24/21,F1 - Spawning,C,5668,18.3,1.84,Y,5,,,,,
SAR_21_5669,Little Wind R,10/21/23,5/24/21,F1 - Spawning,C,5669,17.4,1.42,Y,6,,,,,
SAR_21_5670,Little Wind R,10/21/23,5/24/21,F1 - Spawning,C,5670,18.1,1.54,Y,5,,,,,
SAR_21_5671,Little Wind R,10/21/23,5/24/21,F1 - Spawning,C,5671,16.8,1.48,Y,6,,,,,
SAR_21_5672,Little Wind R,10/21/23,5/24/21,F1 - Spawning,C,5672,21.3,3.28,Y,5,,,,,
SAR_21_5673,Little Wind R,10/21/23,5/24/21,F1 - Spawning,C,5673,15.5,1.1,Y,,,,,,
SAR_21_5674,Little Wind R,10/22/23,5/24/21,F1 - Spawning,C,5674,18.7,1.98,Y,6,,,,,
SAR_21_5675,Little Wind R,10/22/23,5/24/21,F1 - Spawning,C,5675,15.9,1.08,Y,,,,,,
SAR_21_5676,Little Wind R,10/22/23,5/24/21,F1 - Spawning,C,5676,18.8,1.96,Y,6,,,,,
SAR_21_5677,Little Wind R,10/22/23,5/24/21,F1 - Spawning,C,5677,18.1,1.94,Y,5,,,,,
SAR_21_5679,Little Wind R,10/22/23,5/26/21,F1 - Spawning,C,5679,15.2,0.9,Y,,,,5678 No genetics,,
SAR_21_5680,Little Wind R,10/22/23,5/26/21,F1 - Spawning,C,5680,14,0.7,Y,,,,,,
SAR_21_5681,Little Wind R,10/22/23,5/26/21,F1 - Spawning,C,5681,13.9,0.66,Y,,,,,,
SAR_21_5682,Little Wind R,10/22/23,5/26/21,F1 - Spawning,C,5682,18,1.82,Y,5,,,,,
SAR_21_5683,Little Wind R,10/22/23,5/26/21,F1 - Spawning,C,5683,19.9,2.56,Y,8,,,,,
SAR_21_5684,Little Wind R,10/22/23,5/26/21,F1 - Spawning,C,5684,19.8,1.98,Y,6,,,,,
SAR_21_5685,Little Wind R,10/22/23,5/26/21,F1 - Spawning,C,5685,13.3,0.58,Y,,,,,,
SAR_21_5686,Little Wind R,10/22/23,5/26/21,F1 - Spawning,C,5686,21.1,2.6,Y,5,,,,,
SAR_21_5687,Little Wind R,10/22/23,5/26/21,F1 - Spawning,C,5687,14.3,0.72,Y,,,,,,
SAR_21_5688,Little Wind R,10/22/23,5/26/21,F1 - Spawning,C,5688,19.8,2.42,Y,5,,,,,
SAR_21_5689,Little Wind R,10/22/23,5/26/21,F1 - Spawning,C,5689,15.1,0.94,Y,,,,,,
SAR_21_5690,Little Wind R,10/22/23,5/26/21,F1 - Spawning,C,5690,12,0.48,Y,,,,,,
SAR_21_5691,Little Wind R,10/22/23,5/26/21,F1 - Spawning,C,5691,15,0.84,Y,,,,,,
SAR_21_5692,Little Wind R,10/22/23,5/26/21,F1 - Spawning,C,5692,17.1,1.6,Y,5,,,,,
SAR_21_5693,Little Wind R,10/22/23,5/26/21,F1 - Spawning,C,5693,14.7,0.82,Y,,,,,,
SAR_21_5694,Little Wind R,10/22/23,5/26/21,F1 - Spawning,C,5694,13.8,0.66,Y,,,,,,
SAR_21_5695,Little Wind R,10/22/23,5/26/21,F1 - Spawning,C,5695,14.6,0.76,Y,,,,,,
SAR_21_5696,Little Wind R,10/22/23,5/26/21,F1 - Spawning,C,5696,16.4,1.34,Y,,,,,,
SAR_21_5697,Little Wind R,10/22/23,5/26/21,F1 - Spawning,C,5697,18.4,1.64,Y,5,,,,,
SAR_21_5698,Little Wind R,10/22/23,5/26/21,F1 - Spawning,C,5698,14.1,0.74,Y,,,,,,
SAR_21_5699,Little Wind R,10/22/23,5/26/21,F1 - Spawning,C,5699,13.6,0.7,Y,,,,,,
SAR_21_5700,Little Wind R,10/22/23,5/26/21,F1 - Spawning,C,5700,14.6,0.82,Y,,,,,,
SAR_21_5701,Little Wind R,10/22/23,5/26/21,F1 - Spawning,B,5701,17.5,1.56,Y,5,,,,,
SAR_21_5702,Little Wind R,10/22/23,5/26/21,F1 - Spawning,B,5702,16.4,1.26,Y,,,,,,
SAR_21_5703,Little Wind R,10/22/23,5/26/21,F1 - Spawning,B,5703,14.8,0.9,Y,,,,,,
SAR_21_5704,Little Wind R,10/22/23,5/26/21,F1 - Spawning,B,5704,16,1.12,Y,,,,,,
SAR_21_5705,Little Wind R,10/22/23,5/26/21,F1 - Spawning,B,5705,19.4,2.48,Y,5,,,,,
SAR_21_5706,Little Wind R,10/22/23,5/26/21,F1 - Spawning,B,5706,14.5,0.82,Y,,,,,,
SAR_21_5707,Little Wind R,10/22/23,5/26/21,F1 - Spawning,B,5707,20.1,2.58,Y,7,,,,,
SAR_21_5708,Little Wind R,10/22/23,5/26/21,F1 - Spawning,B,5708,17.6,1.76,Y,5,,,,,
SAR_21_5709,Little Wind R,10/22/23,5/26/21,F1 - Spawning,B,5709,16.4,1.36,Y,5,,,,,
SAR_21_5710,Little Wind R,10/22/23,5/26/21,F1 - Spawning,B,5710,15,0.87,Y,,,,,,
SAR_21_5711,Little Wind R,10/22/23,5/26/21,F1 - Spawning,B,5711,15.8,1,Y,,,,,,
SAR_21_5712,Little Wind R,10/22/23,5/26/21,F1 - Spawning,B,5712,14.6,0.76,Y,,,,,,
SAR_21_5713,Little Wind R,10/22/23,5/26/21,F1 - Spawning,B,5713,15.1,0.96,Y,,,,,,
SAR_21_5714,Little Wind R,10/22/23,5/26/21,F1 - Spawning,B,5714,15.7,0.98,Y,,,,,,
SAR_21_5715,Little Wind R,10/22/23,5/26/21,F1 - Spawning,B,5715,16.9,1.42,Y,5,,,,,
SAR_21_5716,Little Wind R,10/22/23,5/26/21,F1 - Spawning,B,5716,14.7,0.8,Y,,,,,,
SAR_21_5717,Little Wind R,10/22/23,5/26/21,F1 - Spawning,B,5717,14,0.66,Y,,,,,,
SAR_21_5718,Little Wind R,10/22/23,5/26/21,F1 - Spawning,B,5718,16.7,1.28,Y,,,,,,
SAR_21_5719,Little Wind R,10/22/23,5/26/21,F1 - Spawning,B,5719,15.1,0.88,Y,,,,,,
SAR_21_5720,Little Wind R,10/22/23,5/26/21,F1 - Spawning,B,5720,17,1.32,Y,6,,,,,
SAR_21_5721,Little Wind R,10/22/23,5/26/21,F1 - Spawning,B,5721,13.5,0.68,Y,,,,,,
SAR_21_5722,Little Wind R,10/22/23,5/26/21,F1 - Spawning,B,5722,14.2,0.9,Y,,,,,,
SAR_21_5723,Little Wind R,10/22/23,5/26/21,F1 - Spawning,B,5723,16.2,1.28,Y,,,,,,
SAR_21_5724,Little Wind R,10/22/23,5/26/21,F1 - Spawning,B,5724,14.6,0.98,Y,,,,,,
SAR_21_5725,Little Wind R,10/22/23,5/26/21,F1 - Spawning,B,5725,16.6,1.38,Y,,,,,,
SAR_21_5726,Little Wind R,10/22/23,5/26/21,F1 - Spawning,B,5726,17.1,1.58,Y,5,,,,,
SAR_21_5727,Little Wind R,10/22/23,5/26/21,F1 - Spawning,B,5727,18.9,2.08,Y,6,,,,,
SAR_21_5728,Little Wind R,10/22/23,5/26/21,F1 - Spawning,B,5728,18.4,1.92,Y,5,,,,,
SAR_21_5729,Little Wind R,10/22/23,5/26/21,F1 - Spawning,B,5729,14.4,0.88,Y,,,,,,
SAR_21_5730,Little Wind R,10/22/23,5/26/21,F1 - Spawning,B,5730,13.8,0.68,Y,,,,,,
SAR_21_5731,Little Wind R,10/22/23,5/26/21,F1 - Spawning,B,5731,14,0.7,Y,,,,,,
SAR_21_5732,Little Wind R,10/22/23,5/26/21,F1 - Spawning,B,5732,14.9,0.92,Y,,,,,,
SAR_21_5733,Little Wind R,10/22/23,5/26/21,F1 - Spawning,B,5733,14.6,0.9,Y,,,,,,
SAR_21_5734,Little Wind R,10/22/23,5/26/21,F1 - Spawning,B,5734,17,1.38,Y,5,,,,,
SAR_21_5735,Little Wind R,10/22/23,5/26/21,F1 - Spawning,B,5735,14,0.68,Y,,,,,,
SAR_21_5736,Little Wind R,10/22/23,5/26/21,F1 - Spawning,B,5736,13,0.68,Y,,,,,,
SAR_21_5737,Little Wind R,10/22/23,5/26/21,F1 - Spawning,B,5737,18.8,2.42,Y,5,,,,,
SAR_21_5738,Little Wind R,10/22/23,5/26/21,F1 - Spawning,B,5738,17.1,1.52,Y,7,,,,,
SAR_21_5739,Little Wind R,10/22/23,5/26/21,F1 - Spawning,B,5739,17.6,1.84,Y,5,,,,,
SAR_21_5740,Little Wind R,10/22/23,5/26/21,F1 - Spawning,B,5740,14.8,0.76,Y,,,,,,
SAR_21_5741,Little Wind R,10/22/23,5/26/21,F1 - Spawning,B,5741,15.6,0.96,Y,,,,,,
SAR_21_5742,Little Wind R,10/22/23,5/26/21,F1 - Spawning,B,5742,15.1,0.98,Y,,,,,,
SAR_21_5743,Little Wind R,10/22/23,5/26/21,F1 - Spawning,B,5743,14.3,0.72,Y,,,,,,
SAR_21_5744,Little Wind R,10/22/23,5/26/21,F1 - Spawning,B,5744,13.9,0.62,Y,,,,,,
SAR_21_5745,Little Wind R,10/22/23,5/26/21,F1 - Spawning,B,5745,12.3,0.52,Y,,,,,,
SAR_21_5746,Little Wind R,10/22/23,5/26/21,F1 - Spawning,B,5746,15.2,0.88,Y,,,,,,
SAR_21_5747,Little Wind R,10/22/23,5/26/21,F1 - Spawning,B,5747,14.3,0.78,Y,,,,,,
SAR_21_5748,Little Wind R,10/22/23,5/26/21,F1 - Spawning,B,5748,13.3,0.66,Y,,,,,,
SAR_21_5749,Little Wind R,10/22/23,5/26/21,F1 - Spawning,B,5749,14.3,0.76,Y,,,,,,
SAR_21_5750,Little Wind R,10/22/23,5/26/21,F1 - Spawning,B,5750,14.5,0.8,Y,,,,,,
SAR_21_5751,Little Wind R,10/22/23,5/26/21,F1 - Spawning,D,5751,19.5,2.1,Y,,,,,,
SAR_21_5752,Little Wind R,10/22/23,5/26/21,F1 - Spawning,D,5752,14.4,0.78,Y,,,,,,
SAR_21_5753,Little Wind R,10/22/23,5/26/21,F1 - Spawning,D,5753,18.4,0.88,Y,,,,,,
SAR_21_5754,Little Wind R,10/22/23,5/26/21,F1 - Spawning,D,5754,14.3,0.76,Y,,,,,,
SAR_21_5755,Little Wind R,10/22/23,5/26/21,F1 - Spawning,D,5755,13.7,0.66,Y,,,,,,
SAR_21_5756,Little Wind R,10/22/23,5/26/21,F1 - Spawning,D,5756,14.6,0.86,Y,,,,,,
SAR_21_5757,Little Wind R,10/22/23,5/26/21,F1 - Spawning,D,5757,14.3,0.78,Y,,,,,,
SAR_21_5758,Little Wind R,10/22/23,5/26/21,F1 - Spawning,D,5758,14.1,0.76,Y,,,,,,
SAR_21_5759,Little Wind R,10/22/23,5/26/21,F1 - Spawning,D,5759,16.7,1.3,Y,,,,,,
SAR_21_5760,Little Wind R,10/22/23,5/26/21,F1 - Spawning,D,5760,13.9,0.74,Y,,,,,,
SAR_21_5761,Little Wind R,10/22/23,5/26/21,F1 - Spawning,D,5761,15.1,0.92,Y,,,,,,
SAR_21_5762,Little Wind R,10/22/23,5/26/21,F1 - Spawning,D,5762,18.3,1.76,Y,,,,,,
SAR_21_5763,Little Wind R,10/22/23,5/26/21,F1 - Spawning,D,5763,15.1,0.9,Y,,,,,,
SAR_21_5764,Little Wind R,10/22/23,5/26/21,F1 - Spawning,D,5764,15.5,1.1,Y,,,,,,
SAR_21_5765,Little Wind R,10/22/23,5/26/21,F1 - Spawning,D,5765,14.2,0.76,Y,,,,,,
SAR_21_5766,Little Wind R,10/22/23,5/26/21,F1 - Spawning,D,5766,14.2,0.88,Y,,,,,,
SAR_21_5767,Little Wind R,10/22/23,5/26/21,F1 - Spawning,D,5767,17.9,1.96,Y,6,,,,,
SAR_21_5768,Little Wind R,10/22/23,5/26/21,F1 - Spawning,D,5768,16.1,1.1,Y,,,,,,
SAR_21_5769,Little Wind R,10/22/23,5/26/21,F1 - Spawning,D,5769,14.9,0.86,Y,,,,,,
SAR_21_5770,Little Wind R,10/22/23,5/26/21,F1 - Spawning,D,5770,14,0.76,Y,,,,,,
SAR_21_5771,Little Wind R,10/22/23,5/26/21,F1 - Spawning,D,5771,22.7,3.22,Y,,,,Recap 2285 - New Tag,MISSING FIN CLIP,
SAR_21_5772,Little Wind R,10/22/23,5/26/21,F1 - Spawning,D,5772,14.5,0.76,Y,,,,,,
SAR_21_5773,Little Wind R,10/22/23,5/26/21,F1 - Spawning,D,5773,15.6,1.06,Y,,,,,,
SAR_21_5774,Little Wind R,10/22/23,5/26/21,F1 - Spawning,D,5774,16.9,1.48,Y,6,,,,,
SAR_21_5775,Little Wind R,10/22/23,5/26/21,F1 - Spawning,D,5775,14.1,0.68,Y,,,,,,
SAR_21_5776,Little Wind R,10/22/23,5/26/21,F1 - Spawning,D,5776,18.3,2.02,Y,5,,,,,
SAR_21_5777,Little Wind R,10/22/23,5/26/21,F1 - Spawning,D,5777,15.8,0.96,Y,,,,,,
SAR_21_5778,Little Wind R,10/22/23,5/26/21,F1 - Spawning,D,5778,16,1.32,Y,,,,,,
SAR_21_5779,Little Wind R,10/22/23,5/26/21,F1 - Spawning,D,5779,15.5,0.98,Y,,,,,,
SAR_21_5780,Little Wind R,10/22/23,5/26/21,F1 - Spawning,D,5780,16.4,1.24,Y,,,,,,
SAR_21_5781,Little Wind R,10/22/23,5/26/21,F1 - Spawning,D,5781,18.4,1.76,Y,6,,,,,
SAR_21_5782,Little Wind R,10/22/23,5/26/21,F1 - Spawning,D,5782,17.5,1.42,Y,5,,,,,
SAR_21_5783,Little Wind R,10/22/23,5/26/21,F1 - Spawning,D,5783,16.2,1.2,Y,,,,,,
SAR_21_5784,Little Wind R,10/22/23,5/26/21,F1 - Spawning,D,5784,13.3,0.62,Y,,,,,,
SAR_21_5785,Little Wind R,10/22/23,5/26/21,F1 - Spawning,D,5785,14.4,0.72,Y,,,,,,
SAR_21_5786,Little Wind R,10/22/23,5/26/21,F1 - Spawning,D,5786,19.5,2.16,Y,6,,,,,
SAR_21_5787,Little Wind R,10/22/23,5/26/21,F1 - Spawning,D,5787,14.2,0.74,Y,,,,,,
SAR_21_5788,Little Wind R,10/22/23,5/26/21,F1 - Spawning,D,5788,14.2,0.76,Y,,,,,,
SAR_21_5789,Little Wind R,10/22/23,5/26/21,F1 - Spawning,D,5789,16.5,1.18,Y,,,,,,
SAR_21_5790,Little Wind R,10/22/23,5/26/21,F1 - Spawning,D,5790,17.1,1.26,Y,,,,,,
SAR_21_5791,Little Wind R,10/22/23,5/26/21,F1 - Spawning,D,5791,16.5,1.18,Y,,,,Recapture 2812,,
SAR_21_5792,Little Wind R,10/22/23,5/26/21,F1 - Spawning,D,5792,16.8,1.28,Y,,,,,,
SAR_21_5793,Little Wind R,10/22/23,5/26/21,F1 - Spawning,D,5793,14.5,0.8,Y,,,,,,
SAR_21_5794,Little Wind R,10/22/23,5/26/21,F1 - Spawning,D,5794,21.2,3.06,Y,,,,Tag # Off ,,
SAR_21_5795,Little Wind R,10/22/23,5/26/21,F1 - Spawning,D,5795,13.5,0.64,Y,,,,Tag # Off ,,
SAR_21_5796,Little Wind R,10/22/23,5/26/21,F1 - Spawning,D,5796,16.5,1.22,Y,,,,Tag # Off ,,
SAR_21_5797,Little Wind R,10/22/23,5/26/21,F1 - Spawning,D,5797,20.4,2.78,Y,,,,Tag # Off ,,
SAR_21_5798,Little Wind R,10/22/23,5/26/21,F1 - Spawning,D,5798,18,1.62,Y,,,,Tag # Off ,,
SAR_21_5799,Little Wind R,10/22/23,5/26/21,F1 - Spawning,D,5799,15.5,0.98,Y,,,,Tag # Off ,,
SAR_21_5800,Little Wind R,10/22/23,5/26/21,F1 - Spawning,D,5800,15.4,1.12,Y,,,,Tag # Off ,,
SAR_21_5813,Little Wind R,10/22/23,5/26/21,F1 - Spawning,E,5813,13.7,0.66,Y,,,,,,
SAR_21_5814,Little Wind R,10/22/23,5/26/21,F1 - Spawning,E,5814,16.6,1.46,Y,,,,,,
SAR_21_5815,Little Wind R,10/22/23,5/26/21,F1 - Spawning,E,5815,15.3,0.92,Y,,,,,,
SAR_21_5816,Little Wind R,10/22/23,5/26/21,F1 - Spawning,E,5816,14.1,0.76,Y,,,,,,
SAR_21_5817,Little Wind R,10/22/23,5/26/21,F1 - Spawning,E,5817,15.2,0.92,Y,,,,,,
SAR_21_5818,Little Wind R,10/22/23,5/26/21,F1 - Spawning,E,5818,20.8,2.74,Y,,,,,,
SAR_21_5819,Little Wind R,10/22/23,5/26/21,F1 - Spawning,E,5819,17.3,1.44,Y,,,,,MISSING FIN CLIP,
SAR_21_5820,Little Wind R,10/22/23,5/26/21,F1 - Spawning,E,5820,18.9,1.94,Y,,,,,,
SAR_21_5821,Little Wind R,10/22/23,5/26/21,F1 - Spawning,E,5821,12,0.44,Y,,,,,,
SAR_21_5822,Little Wind R,10/22/23,5/26/21,F1 - Spawning,E,5822,16,1.28,Y,,,,,,
SAR_21_5823,Little Wind R,10/22/23,5/26/21,F1 - Spawning,E,5823,14.7,0.9,Y,,,,,,
SAR_21_5824,Little Wind R,10/22/23,5/26/21,F1 - Spawning,E,5824,15,0.76,Y,,,,,,
SAR_21_5825,Little Wind R,10/22/23,5/26/21,F1 - Spawning,E,5825,16.5,1.26,Y,,,,,,
SAR_21_5826,Little Wind R,10/22/23,5/26/21,F1 - Spawning,E,5826,23.1,3.46,Y,,,,Recapture # 5002,,
SAR_21_5827,Little Wind R,10/22/23,5/26/21,F1 - Spawning,E,5827,17.9,1.56,Y,,,,,,
SAR_21_5828,Little Wind R,10/22/23,5/26/21,F1 - Spawning,E,5828,15.2,1,Y,,,,,,
SAR_21_5829,Little Wind R,10/22/23,5/26/21,F1 - Spawning,E,5829,14.5,0.74,Y,,,,,,
SAR_21_5830,Little Wind R,10/22/23,5/26/21,F1 - Spawning,E,5830,17.5,1.44,Y,,,,,,
SAR_21_5831,Little Wind R,10/22/23,5/26/21,F1 - Spawning,E,5831,14.8,,Y,,,,,,
SAR_15_5900,"Wind River, Upstream of Boysen",11/8/23,8/28/15,F1 - Juvenile,F,,,,,,,,SER #1,,
SAR_15_5901,"Wind River, Upstream of Boysen",11/8/23,8/28/15,F1 - Juvenile,F,,,,,,,,SER #2,,
SAR_15_5902,"Wind River, Upstream of Boysen",11/8/23,8/28/15,F1 - Juvenile,F,,,,,,,,SER #3,,
SAR_15_5903,"Wind River, Upstream of Boysen",11/8/23,8/28/15,F1 - Juvenile,F,,,,,,,,SER #4,,
SAR_15_5904,"Wind River, Upstream of Boysen",11/8/23,8/28/15,F1 - Juvenile,F,,,,,,,,SER #5,,
SAR_15_5905,"Wind River, Upstream of Boysen",11/8/23,8/28/15,F1 - Juvenile,F,,,,,,,,SER #6,,
SAR_15_5906,"Wind River, Upstream of Boysen",11/8/23,8/28/15,F1 - Juvenile,F,,,,,,,,SER #7,,
SAR_15_5907,"Wind River, Upstream of Boysen",11/8/23,8/28/15,F1 - Juvenile,F,,,,,,,,SER #8,,
SAR_15_5908,"Wind River, Upstream of Boysen",11/8/23,8/28/15,F1 - Juvenile,F,,,,,,,,SER #9,,
SAR_15_5909,"Wind River, Upstream of Boysen",11/8/23,8/28/15,F1 - Juvenile,F,,,,,,,,SER #10,,
SAR_15_5910,"Wind River, Upstream of Boysen",11/8/23,8/28/15,F1 - Juvenile,F,,,,,,,,SER #11,,
SAR_15_5911,"Wind River, Upstream of Boysen",11/8/23,8/28/15,F1 - Juvenile,F,,,,,,,,SER #12,,
SAR_15_5912,"Wind River, Upstream of Boysen",11/8/23,8/28/15,F1 - Juvenile,F,,,,,,,,SER #13,,
SAR_15_5913,"Wind River, Upstream of Boysen",11/8/23,8/28/15,F1 - Juvenile,F,,,,,,,,SER #14,,
SAR_15_5914,"Wind River, Upstream of Boysen",11/8/23,8/28/15,F1 - Juvenile,F,,,,,,,,SER #15,,
SAR_15_5915,"Wind River, Upstream of Boysen",11/8/23,8/28/15,F1 - Juvenile,F,,,,,,,,SER #16,,
SAR_15_5916,"Wind River, Upstream of Boysen",11/8/23,8/28/15,F1 - Juvenile,F,,,,,,,,SER #17,,
SAR_15_5917,"Wind River, Upstream of Boysen",11/8/23,8/28/15,F1 - Juvenile,F,,,,,,,,SER #18,,
SAR_15_5918,"Wind River, Upstream of Boysen",11/8/23,8/28/15,F1 - Juvenile,F,,,,,,,,SER #19,,
SAR_19_5919,Poison + Badwater Bays,11/8/23,9/4/19,F2,G,,,,,0,,,,,
SAR_19_5920,Poison + Badwater Bays,11/8/23,9/4/19,F2,G,,,,,0,,,,,
SAR_19_5921,Poison + Badwater Bays,11/8/23,9/4/19,F2,G,,,,,0,,,,,
SAR_19_5922,Poison + Badwater Bays,11/8/23,9/4/19,F2,G,,,,,0,,,,,
SAR_19_5923,Poison + Badwater Bays,11/8/23,9/4/19,F2,G,,,,,0,,,,,
SAR_19_5924,Poison + Badwater Bays,11/8/23,9/4/19,F2,G,,,,,0,,,,,
SAR_19_5925,Poison + Badwater Bays,11/8/23,9/4/19,F2,G,,,,,0,,,,,
SAR_19_5926,Poison + Badwater Bays,11/8/23,9/4/19,F2,G,,,,,0,,,,,
SAR_19_5927,Poison + Badwater Bays,11/8/23,9/4/19,F2,G,,,,,0,,,,,
SAR_19_5928,Poison + Badwater Bays,11/8/23,9/4/19,F2,G,,,,,0,,,,,
SAR_19_5929,Poison + Badwater Bays,11/8/23,9/4/19,F2,G,,,,,0,,,,,
SAR_19_5930,Poison + Badwater Bays,11/8/23,9/4/19,F2,G,,,,,0,,,,,
SAR_19_5931,Poison + Badwater Bays,11/8/23,9/4/19,F2,G,,,,,0,,,,,
SAR_19_5932,Poison + Badwater Bays,11/8/23,9/4/19,F2,G,,,,,0,,,,,
SAR_19_5933,Poison + Badwater Bays,11/8/23,9/4/19,F2,G,,,,,0,,,,,
SAR_19_5934,Poison + Badwater Bays,11/8/23,9/4/19,F2,G,,,,,0,,,,,
SAR_19_5935,Poison + Badwater Bays,11/8/23,9/4/19,F2,G,,,,,0,,,,,
SAR_19_5936,Poison + Badwater Bays,11/8/23,9/4/19,F2,G,,,,,0,,,,,
SAR_19_5937,Poison + Badwater Bays,11/8/23,9/4/19,F2,G,,,,,0,,,,,
SAR_19_5938,Poison + Badwater Bays,11/8/23,9/4/19,F2,G,,,,,0,,,,,
SAR_19_5939,Poison + Badwater Bays,11/8/23,9/4/19,F2,G,,,,,0,,,,,
SAR_19_5940,Poison + Badwater Bays,11/8/23,9/4/19,F2,G,,,,,0,,,,,
SAR_19_5941,Poison + Badwater Bays,11/8/23,9/4/19,F2,G,,,,,0,,,,,
SAR_19_5942,Poison + Badwater Bays,11/8/23,9/4/19,F2,G,,,,,0,,,,,
SAR_19_5943,Poison + Badwater Bays,11/8/23,9/4/19,F2,G,,,,,0,,,,,
SAR_19_5944,Poison + Badwater Bays,11/8/23,9/4/19,F2,G,,,,,0,,,,,
SAR_19_5945,Poison + Badwater Bays,11/8/23,9/4/19,F2,G,,,,,0,,,,,
SAR_19_5946,Poison + Badwater Bays,11/8/23,9/4/19,F2,G,,,,,0,,,,,
SAR_19_5947,Poison + Badwater Bays,11/8/23,9/4/19,F2,G,,,,,0,,,,,
SAR_19_5948,Poison + Badwater Bays,11/8/23,9/4/19,F2,G,,,,,0,,,,,
SAR_19_5949,Poison + Badwater Bays,11/8/23,9/4/19,F2,G,,,,,0,,,,,
SAR_19_5950,Poison + Badwater Bays,11/8/23,9/4/19,F2,G,,,,,0,,,,,
SAR_19_5951,Poison + Badwater Bays,11/8/23,9/4/19,F2,G,,,,,0,,,,,
SAR_19_5952,Poison + Badwater Bays,11/8/23,9/4/19,F2,G,,,,,0,,,,,
SAR_19_5953,Poison + Badwater Bays,11/8/23,9/4/19,F2,G,,,,,0,,,,,
SAR_19_5954,Poison + Badwater Bays,11/8/23,9/4/19,F2,G,,,,,0,,,,,
SAR_19_5955,Poison + Badwater Bays,11/8/23,9/4/19,F2,G,,,,,0,,,,,
SAR_19_5956,Poison + Badwater Bays,11/8/23,9/4/19,F2,G,,,,,0,,,,,
SAR_19_5957,Poison + Badwater Bays,11/8/23,9/4/19,F2,G,,,,,0,,,,,
SAR_19_5958,Poison + Badwater Bays,11/8/23,9/4/19,F2,G,,,,,0,,,,,
SAR_19_5959,Poison + Badwater Bays,11/8/23,9/4/19,F2,G,,,,,0,,,,,
SAR_19_5960,Poison + Badwater Bays,11/8/23,9/4/19,F2,G,,,,,0,,,,,
SAR_19_5961,Poison + Badwater Bays,11/8/23,9/4/19,F2,G,,,,,0,,,,,
SAR_19_5962,Poison + Badwater Bays,11/8/23,9/4/19,F2,G,,,,,0,,,,,
SAR_19_5963,Poison + Badwater Bays,11/8/23,9/4/19,F2,G,,,,,0,,,,MISSING FIN CLIP,
SAR_19_5964,Wind River,11/8/23,9/17/19,F2,H,,,,,0,,,,,
SAR_19_5965,Wind River,11/8/23,9/17/19,F2,H,,,,,0,,,,,
SAR_19_5966,Wind River,11/8/23,9/17/19,F2,H,,,,,0,,,,,
SAR_19_5967,Wind River,11/8/23,9/17/19,F2,H,,,,,0,,,,,
SAR_19_5968,Wind River,11/8/23,9/17/19,F2,H,,,,,0,,,,,
SAR_19_5969,Wind River,11/8/23,9/17/19,F2,H,,,,,0,,,,,
SAR_19_5970,Wind River,11/8/23,9/17/19,F2,H,,,,,0,,,,,
SAR_19_5971,Wind River,11/8/23,9/17/19,F2,H,,,,,0,,,,,
SAR_19_5972,Wind River,11/8/23,9/17/19,F2,H,,,,,0,,,,,
SAR_19_5973,Wind River,11/8/23,9/17/19,F2,H,,,,,0,,,,,
SAR_19_5974,Wind River,11/8/23,9/17/19,F2,H,,,,,0,,,,,
SAR_19_5975,Wind River,11/8/23,9/17/19,F2,H,,,,,0,,,,,
SAR_19_5976,Wind River,11/8/23,9/17/19,F2,H,,,,,0,,,,,
SAR_19_5977,Wind River,11/8/23,9/17/19,F2,H,,,,,0,,,,,
SAR_19_5978,Wind River,11/8/23,9/17/19,F2,H,,,,,0,,,,,
SAR_19_5979,Wind River,11/8/23,9/17/19,F2,H,,,,,0,,,,,
SAR_19_5980,Wind River,11/8/23,9/17/19,F2,H,,,,,0,,,,,
SAR_19_5981,Wind River,11/8/23,9/17/19,F2,H,,,,,0,,,,,
SAR_19_5982,Wind River,11/8/23,9/17/19,F2,H,,,,,0,,,,,
SAR_19_5983,Wind River,11/8/23,9/17/19,F2,H,,,,,0,,,,,
SAR_19_5984,Wind River,11/8/23,9/17/19,F2,H,,,,,0,,,,,
SAR_19_5985,Wind River,11/8/23,9/17/19,F2,H,,,,,0,,,,,
SAR_19_5986,Wind River,11/8/23,9/17/19,F2,H,,,,,0,,,,,
SAR_19_5987,Wind River,11/8/23,9/17/19,F2,H,,,,,0,,,,,
SAR_19_5988,Wind River,11/8/23,9/17/19,F2,H,,,,,0,,,,,
SAR_19_5989,Wind River,11/8/23,9/17/19,F2,H,,,,,0,,,,,
SAR_19_5990,Wind River,11/8/23,9/17/19,F2,H,,,,,0,,,,,
SAR_19_5991,Wind River,11/8/23,9/17/19,F2,H,,,,,0,,,,,
SAR_19_5992,Wind River,11/8/23,9/17/19,F2,H,,,,,0,,,,,
SAR_19_5993,Wind River,11/8/23,9/17/19,F2,H,,,,,0,,,,,
SAR_19_5994,Wind River,11/8/23,9/17/19,F2,H,,,,,0,,,,MISSING FIN CLIP,
SAR_20_5995,Wind River,11/8/23,,F2,I,,,,,0,,,,,
SAR_20_5996,Wind River,11/8/23,,F2,I,,,,,0,,,,,
SAR_20_5997,Wind River,11/8/23,,F2,I,,,,,0,,,,,
SAR_20_5998,Wind River,11/8/23,,F2,I,,,,,0,,,,,
SAR_20_5999,Wind River,11/8/23,,F2,I,,,,,0,,,,,
SAR_20_6000,Wind River,11/8/23,,F2,I,,,,,0,,,,,
SAR_20_6001,Wind River,11/8/23,,F2,I,,,,,0,,,,,
SAR_20_6002,Wind River,11/8/23,,F2,I,,,,,0,,,,,
SAR_20_6003,Wind River,11/8/23,,F2,I,,,,,0,,,,,
SAR_20_6004,Wind River,11/8/23,,F2,I,,,,,0,,,,,
SAR_20_6005,Wind River,11/8/23,,F2,I,,,,,0,,,,,
SAR_20_6006,Wind River,11/8/23,,F2,I,,,,,0,,,,,
SAR_20_6007,Wind River,11/8/23,,F2,I,,,,,0,,,,,
SAR_20_6008,Wind River,11/8/23,,F2,I,,,,,0,,,,,
SAR_20_6009,Wind River,11/8/23,,F2,I,,,,,0,,,,,
SAR_20_6010,Wind River,11/8/23,,F2,I,,,,,0,,,,,
SAR_20_6011,Wind River,11/8/23,,F2,I,,,,,0,,,,,
SAR_20_6012,Wind River,11/8/23,,F2,I,,,,,0,,,,,
SAR_20_6013,Wind River,11/8/23,,F2,I,,,,,0,,,,,
SAR_20_6014,Wind River,11/8/23,,F2,I,,,,,0,,,,,
SAR_20_6015,Wind River,11/8/23,,F2,I,,,,,0,,,,,
SAR_20_6016,Wind River,11/8/23,,F2,I,,,,,0,,,,,
SAR_20_6017,Wind River,11/8/23,,F2,I,,,,,0,,,,,
SAR_20_6018,Wind River,11/8/23,,F2,I,,,,,0,,,,,
SAR_20_6019,Wind River,11/8/23,,F2,I,,,,,0,,,,,
SAR_20_6020,Wind River,11/8/23,,F2,I,,,,,0,,,,,
SAR_20_6021,Wind River,11/8/23,,F2,I,,,,,0,,,,,
SAR_20_6022,Wind River,11/8/23,,F2,I,,,,,0,,,,,
SAR_20_6023,Wind River,11/8/23,,F2,I,,,,,0,,,,,
SAR_20_6024,Wind River,11/8/23,,F2,I,,,,,0,,,,,
SAR_20_6025,Wind River,11/8/23,,F2,I,,,,,0,,,,,
SAR_20_6026,Wind River,11/8/23,,F2,I,,,,,0,,,,,
SAR_20_6027,Wind River,11/8/23,,F2,I,,,,,0,,,,,
SAR_20_6028,Wind River,11/8/23,,F2,I,,,,,0,,,,,
SAR_20_6029,Wind River,11/8/23,,F2,I,,,,,0,,,,,
SAR_20_6030,Wind River,11/8/23,,F2,I,,,,,0,,,,,
SAR_20_6031,Wind River,11/8/23,,F2,I,,,,,0,,,,,
SAR_20_6032,Wind River,11/8/23,,F2,I,,,,,0,,,,,
SAR_20_6033,Wind River,11/8/23,,F2,I,,,,,0,,,,,
SAR_20_6034,Wind River,11/8/23,,F2,I,,,,,0,,,,,
SAR_20_6035,Wind River,11/8/23,,F2,I,,,,,0,,,,,
SAR_20_6036,Wind River,11/8/23,,F2,I,,,,,0,,,,,
SAR_20_6037,Wind River,11/8/23,,F2,I,,,,,0,,,,,
SAR_20_6038,Wind River,11/8/23,,F2,I,,,,,0,,,,,
SAR_20_6039,Wind River,11/8/23,,F2,I,,,,,0,,,,,
SAR_20_6040,Wind River,11/8/23,,F2,I,,,,,0,,,,,
SAR_20_6041,Wind River,11/8/23,,F2,I,,,,,0,,,,,
SAR_20_6042,Wind River,11/8/23,,F2,I,,,,,0,,,,,
SAR_20_6043,Wind River,11/8/23,,F2,I,,,,,0,,,,,
SAR_20_6044,Wind River,11/8/23,,F2,I,,,,,0,,,,,
SAR_20_6045,Wind River,11/8/23,,F2,I,,,,,0,,,,,
SAR_20_6046,Wind River,11/8/23,,F2,I,,,,,0,,,,,
SAR_20_6047,Wind River,11/8/23,,F2,I,,,,,0,,,,,
SAR_20_6048,Wind River,11/8/23,,F2,I,,,,,0,,,,,
SAR_20_6049,Wind River,11/8/23,,F2,I,,,,,0,,,,,
SAR_20_6050,Wind River,11/8/23,,F2,I,,,,,0,,,,,
SAR_20_6051,Wind River,11/8/23,,F2,I,,,,,0,,,,,
SAR_20_6052,Wind River,11/8/23,,F2,I,,,,,0,,,,,
SAR_20_6053,Wind River,11/8/23,,F2,I,,,,,0,,,,,
SAR_20_6054,Wind River,11/8/23,,F2,I,,,,,0,,,,,
SAR_20_6055,Wind River,11/8/23,,F2,J,,,,,1,,,,,
SAR_20_6056,Wind River,11/8/23,,F2,J,,,,,1,,,,,
SAR_20_6057,Wind River,11/8/23,,F2,J,,,,,1,,,,,
SAR_20_6058,Wind River,11/8/23,,F2,J,,,,,1,,,,,
SAR_20_6059,Wind River,11/8/23,,F2,J,,,,,1,,,,,
SAR_20_6060,Wind River,11/8/23,,F2,J,,,,,1,,,,,
SAR_20_6061,Wind River,11/8/23,,F2,J,,,,,1,,,,,
SAR_20_6062,Wind River,11/8/23,,F2,J,,,,,1,,,,,
SAR_20_6063,Wind River,11/8/23,,F2,J,,,,,1,,,,,
SAR_20_6064,Wind River,11/8/23,,F2,J,,,,,1,,,,,
SAR_20_6065,Wind River,11/8/23,,F2,J,,,,,1,,,,,
SAR_20_6066,Wind River,11/8/23,,F2,J,,,,,1,,,,,
SAR_20_6067,Wind River,11/8/23,,F2,J,,,,,1,,,,,
SAR_20_6068,Wind River,11/8/23,,F2,J,,,,,1,,,,,
SAR_20_6069,Wind River,11/8/23,,F2,J,,,,,1,,,,,
SAR_20_6070,Wind River,11/8/23,,F2,J,,,,,1,,,,,
SAR_20_6071,Wind River,11/8/23,,F2,J,,,,,1,,,,,
SAR_20_6072,Wind River,11/8/23,,F2,J,,,,,1,,,,,
SAR_20_6073,Wind River,11/8/23,,F2,J,,,,,1,,,,,
SAR_20_6074,Badwater Bay,11/8/23,,F2,K,,,,,0,,,,,
SAR_20_6075,Badwater Bay,11/8/23,,F2,K,,,,,0,,,,,
SAR_20_6076,Badwater Bay,11/8/23,,F2,K,,,,,0,,,,,
SAR_20_6077,Badwater Bay,11/8/23,,F2,K,,,,,0,,,,,
SAR_20_6078,Badwater Bay,11/8/23,,F2,K,,,,,0,,,,,
SAR_20_6079,Badwater Bay,11/8/23,,F2,K,,,,,0,,,,,
SAR_20_6080,Badwater Bay,11/8/23,,F2,K,,,,,0,,,,,
SAR_20_6081,Badwater Bay,11/8/23,,F2,L,,,,,1,,,,,
SAR_20_6082,Poison Bay,11/8/23,,F2,M,,,,,0,,,,,
SAR_20_6083,Poison Bay,11/8/23,,F2,M,,,,,0,,,,,
SAR_20_6084,Poison Bay,11/8/23,,F2,M,,,,,0,,,,,
SAR_20_6085,Poison Bay,11/8/23,,F2,M,,,,,0,,,,,
SAR_20_6086,Poison Bay,11/8/23,,F2,M,,,,,0,,,,,
SAR_20_6087,Poison Bay,11/8/23,,F2,M,,,,,0,,,,,
SAR_20_6088,Poison Bay,11/8/23,,F2,N,,,,,1,,,,,
SAR_20_6089,Poison Bay,11/8/23,,F2,N,,,,,1,,,,,
SAR_20_6090,Poison Bay,11/8/23,,F2,N,,,,,1,,,,,
SAR_20_6091,Poison Bay,11/8/23,,F2,N,,,,,1,,,,,
SAR_20_6092,Poison Bay,11/8/23,,F2,N,,,,,1,,,,,
SAR_20_6093,Poison Bay,11/8/23,,F2,N,,,,,1,,,,,
SAR_20_6094,Poison Bay,11/8/23,,F2,N,,,,,1,,,,,
SAR_20_6095,Poison Bay,11/8/23,,F2,N,,,,,1,,,,,
SAR_20_6096,Poison Bay,11/8/23,,F2,N,,,,,1,,,,,
SAR_20_6097,Boysen Reservoir,11/8/23,,F2,O,,,,,1,,,,,
SAR_20_6098,Boysen Reservoir,11/8/23,,F2,O,,,,,1,,,,,
SAR_20_6099,Boysen Reservoir,11/8/23,,F2,O,,,,,1,,,,,
SAR_21_6100,Wind River,11/8/23,9/3/21,F2,P,,,,,0,,,,,
SAR_21_6101,Wind River,11/8/23,9/3/21,F2,P,,,,,0,,,,,
SAR_21_6102,Wind River,11/8/23,9/3/21,F2,P,,,,,0,,,,,
SAR_21_6103,Wind River,11/8/23,9/3/21,F2,P,,,,,0,,,,,
SAR_21_6104,Wind River,11/8/23,9/3/21,F2,P,,,,,0,,,,,
SAR_21_6105,Wind River,11/8/23,9/3/21,F2,P,,,,,0,,,,,
SAR_21_6106,Wind River,11/8/23,9/3/21,F2,P,,,,,0,,,,,
SAR_21_6107,Wind River,11/8/23,9/3/21,F2,P,,,,,0,,,,,
SAR_21_6108,Wind River,11/8/23,9/3/21,F2,P,,,,,0,,,,,
SAR_21_6109,Wind River,11/8/23,9/3/21,F2,P,,,,,0,,,,,
SAR_21_6110,Wind River,11/8/23,9/3/21,F2,P,,,,,0,,,,,
SAR_21_6111,Wind River,11/8/23,9/3/21,F2,P,,,,,0,,,,,
SAR_21_6112,Wind River,11/8/23,9/3/21,F2,P,,,,,0,,,,,
SAR_21_6113,Wind River,11/8/23,9/3/21,F2,P,,,,,0,,,,,
SAR_21_6114,Wind River,11/8/23,9/3/21,F2,P,,,,,0,,,,,
SAR_21_6115,Wind River,11/8/23,9/3/21,F2,P,,,,,0,,,,,
SAR_21_6116,Wind River,11/8/23,9/3/21,F2,P,,,,,0,,,,,
SAR_21_6117,Wind River,11/8/23,9/3/21,F2,P,,,,,0,,,,,
SAR_21_6118,Wind River,11/8/23,9/3/21,F2,P,,,,,0,,,,,
SAR_21_6119,Wind River,11/8/23,9/3/21,F2,P,,,,,0,,,,,
SAR_21_6120,Wind River,11/8/23,9/3/21,F2,P,,,,,0,,,,,
SAR_21_6121,Wind River,11/8/23,9/3/21,F2,P,,,,,0,,,,,
SAR_21_6122,Wind River,11/8/23,9/3/21,F2,P,,,,,0,,,,,
SAR_21_6123,Wind River,11/8/23,9/3/21,F2,P,,,,,0,,,,,
SAR_21_6124,Wind River,11/8/23,9/3/21,F2,P,,,,,0,,,,,
SAR_21_6125,Wind River,11/8/23,9/3/21,F2,P,,,,,0,,,,,
SAR_21_6126,Wind River,11/8/23,9/3/21,F2,P,,,,,0,,,,,
SAR_21_6127,Wind River,11/8/23,9/3/21,F2,P,,,,,0,,,,,
SAR_21_6128,Wind River,11/8/23,9/3/21,F2,P,,,,,0,,,,,
SAR_21_6129,Wind River,11/8/23,9/3/21,F2,P,,,,,0,,,,,
SAR_21_6130,Wind River,11/8/23,9/3/21,F2,P,,,,,0,,,,,
SAR_21_6131,Wind River,11/8/23,9/3/21,F2,P,,,,,0,,,,,
SAR_21_6132,Wind River,11/8/23,9/3/21,F2,P,,,,,0,,,,,
SAR_21_6133,Wind River,11/8/23,9/3/21,F2,P,,,,,0,,,,,
SAR_21_6134,Wind River,11/8/23,9/3/21,F2,P,,,,,0,,,,,
SAR_21_6135,Wind River,11/8/23,9/3/21,F2,P,,,,,0,,,,,
SAR_21_6136,Wind River,11/8/23,9/3/21,F2,P,,,,,0,,,,,
SAR_21_6137,Wind River,11/8/23,9/3/21,F2,P,,,,,0,,,,,
SAR_21_6138,Wind River,11/8/23,9/3/21,F2,P,,,,,0,,,,,
SAR_21_6139,Wind River,11/8/23,9/3/21,F2,P,,,,,0,,,,,
SAR_21_6140,Wind River,11/8/23,9/3/21,F2,P,,,,,0,,,,,
SAR_21_6141,Wind River,11/8/23,9/3/21,F2,P,,,,,0,,,,,
SAR_21_6142,Wind River,11/8/23,9/3/21,F2,P,,,,,0,,,,,
SAR_21_6143,Wind River,11/8/23,9/3/21,F2,P,,,,,0,,,,,
SAR_21_6144,Wind River,11/8/23,9/3/21,F2,P,,,,,0,,,,,
SAR_21_6145,Wind River,11/8/23,9/3/21,F2,P,,,,,0,,,,,
SAR_21_6146,Wind River,11/8/23,9/3/21,F2,P,,,,,0,,,,,
SAR_21_6147,Wind River,11/8/23,9/3/21,F2,P,,,,,0,,,,,
SAR_21_6148,Wind River,11/8/23,9/3/21,F2,P,,,,,0,,,,,
SAR_21_6149,Wind River,11/8/23,9/3/21,F2,P,,,,,0,,,,,
SAR_21_6150,Wind River,11/8/23,9/3/21,F2,P,,,,,0,,,,,
SAR_21_6151,Wind River,11/8/23,9/3/21,F2,P,,,,,0,,,,,
SAR_21_6152,Wind River,11/8/23,9/3/21,F2,P,,,,,0,,,,,
SAR_21_6153,Wind River,11/8/23,9/3/21,F2,P,,,,,0,,,,,
SAR_21_6154,Wind River,11/8/23,9/3/21,F2,P,,,,,0,,,,,
SAR_21_6155,Wind River,11/8/23,9/3/21,F2,P,,,,,0,,,,,
SAR_21_6156,Wind River,11/8/23,9/3/21,F2,P,,,,,0,,,,,
SAR_21_6157,Wind River,11/8/23,9/3/21,F2,P,,,,,0,,,,,
SAR_21_6158,Wind River,11/8/23,9/3/21,F2,P,,,,,0,,,,,
SAR_21_6159,Wind River,11/8/23,9/3/21,F2,P,,,,,0,,,,,
SAR_21_6160,Wind River,11/8/23,9/3/21,F2,P,,,,,0,,,,,
SAR_21_6161,Wind River,11/8/23,9/3/21,F2,P,,,,,0,,,,,
SAR_21_6162,Wind River,11/8/23,9/3/21,F2,P,,,,,0,,,,,
SAR_21_6163,Wind River,11/8/23,9/3/21,F2,P,,,,,0,,,,,
SAR_21_6164,Wind River,11/8/23,9/3/21,F2,P,,,,,0,,,,,
SAR_21_6165,Wind River,11/8/23,9/3/21,F2,P,,,,,0,,,,,
SAR_21_6166,Wind River,11/8/23,9/3/21,F2,P,,,,,0,,,,,
SAR_21_6167,Wind River,11/8/23,9/3/21,F2,P,,,,,0,,,,,
SAR_21_6168,Wind River,11/8/23,9/3/21,F2,P,,,,,0,,,,,
SAR_21_6169,Wind River,11/8/23,9/3/21,F2,P,,,,,0,,,,,
SAR_21_6170,Wind River,11/8/23,9/3/21,F2,P,,,,,0,,,,,
SAR_21_6171,Wind River,11/8/23,9/3/21,F2,P,,,,,0,,,,,
SAR_21_6172,Wind River,11/8/23,9/3/21,F2,P,,,,,0,,,,,
SAR_21_6173,Wind River,11/8/23,9/3/21,F2,P,,,,,0,,,,,
SAR_21_6174,Wind River,11/8/23,9/3/21,F2,P,,,,,0,,,,,
SAR_21_6175,Wind River,11/8/23,9/3/21,F2,P,,,,,0,,,,,
SAR_21_6176,Wind River,11/8/23,9/3/21,F2,P,,,,,0,,,,,
SAR_21_6177,Wind River,11/8/23,9/3/21,F2,P,,,,,0,,,,,
SAR_21_6178,Wind River,11/8/23,9/3/21,F2,P,,,,,0,,,,,
SAR_21_6179,Wind River,11/8/23,9/3/21,F2,P,,,,,0,,,,,
SAR_21_6180,Wind River,11/8/23,9/3/21,F2,P,,,,,0,,,,,
SAR_21_6181,Wind River,11/8/23,9/3/21,F2,P,,,,,0,,,,,
SAR_21_6182,Wind River,11/8/23,9/3/21,F2,P,,,,,0,,,,,
SAR_21_6183,Wind River,11/8/23,9/3/21,F2,P,,,,,0,,,,,
SAR_21_6184,Wind River,11/8/23,9/3/21,F2,P,,,,,0,,,,,
SAR_21_6185,Wind River,11/8/23,9/3/21,F2,P,,,,,0,,,,,
SAR_21_6186,Wind River,11/8/23,9/3/21,F2,P,,,,,0,,,,,
SAR_21_6187,Wind River,11/8/23,9/3/21,F2,P,,,,,0,,,,,
SAR_21_6188,Wind River,11/8/23,9/3/21,F2,P,,,,,0,,,,,
SAR_21_6189,Wind River,11/8/23,9/3/21,F2,P,,,,,0,,,,LOST FIN CLIP,
SAR_21_6190,Wind River,11/8/23,9/3/21,F2,P,,,,,0,,,,,
SAR_21_6191,Wind River,11/8/23,9/3/21,F2,P,,,,,0,,,,,
SAR_21_6192,Wind River,11/8/23,9/3/21,F2,P,,,,,0,,,,,
SAR_21_6193,Wind River,11/8/23,9/3/21,F2,P,,,,,0,,,,,
SAR_21_6194,Wind River,11/8/23,9/3/21,F2,P,,,,,0,,,,,
SAR_21_6195,Wind River,11/8/23,9/3/21,F2,P,,,,,0,,,,,
SAR_21_6196,Wind River,11/8/23,9/3/21,F2,P,,,,,0,,,,,
SAR_21_6197,Wind River,11/8/23,9/3/21,F2,P,,,,,0,,,,,
SAR_21_6198,Wind River,11/8/23,9/3/21,F2,P,,,,,0,,,,,
SAR_21_6199,Wind River,11/8/23,9/3/21,F2,P,,,,,0,,,,,
SAR_21_6200,Wind River,11/8/23,9/3/21,F2,P,,,,,0,,,,,
SAR_21_6201,Wind River,11/8/23,9/3/21,F2,P,,,,,0,,,,,
SAR_21_6202,Wind River,11/8/23,9/3/21,F2,P,,,,,0,,,,,
SAR_21_6203,Wind River,11/8/23,9/3/21,F2,P,,,,,0,,,,,
SAR_21_6204,Wind River,11/8/23,9/3/21,F2,P,,,,,0,,,,,
SAR_21_6205,Wind River,11/8/23,9/3/21,F2,P,,,,,0,,,,,
SAR_21_6206,Wind River,11/8/23,9/3/21,F2,P,,,,,0,,,,,
SAR_21_6207,Wind River,11/8/23,9/3/21,F2,P,,,,,0,,,,,
SAR_21_6208,Wind River,11/8/23,9/3/21,F2,P,,,,,0,,,,,
SAR_21_6209,Wind River,11/8/23,9/3/21,F2,P,,,,,0,,,,,
SAR_21_6210,Wind River,11/8/23,9/3/21,F2,P,,,,,0,,,,,
SAR_21_6211,Wind River,11/8/23,9/3/21,F2,P,,,,,0,,,,,
SAR_21_6212,Wind River,11/8/23,9/3/21,F2,P,,,,,0,,,,,
SAR_21_6213,Wind River,11/8/23,9/3/21,F2,P,,,,,0,,,,,
SAR_21_6214,Wind River,11/8/23,9/3/21,F2,P,,,,,0,,,,,
SAR_21_6215,Wind River,11/8/23,9/3/21,F2,P,,,,,0,,,,,
SAR_21_6216,Wind River,11/8/23,9/3/21,F2,P,,,,,0,,,,,
SAR_21_6217,Poison Bay,11/8/23,8/31/21,F2,Q,,,,,0,,,,,
SAR_21_6218,Poison Bay,11/8/23,8/31/21,F2,Q,,,,,0,,,,,
SAR_21_6219,Poison Bay,11/8/23,8/31/21,F2,Q,,,,,0,,,,,
SAR_21_6220,Poison Bay,11/8/23,8/31/21,F2,Q,,,,,0,,,,,
SAR_21_6221,Poison Bay,11/8/23,8/31/21,F2,Q,,,,,0,,,,,
SAR_21_6222,Poison Bay,11/8/23,8/31/21,F2,Q,,,,,0,,,,,
SAR_21_6223,Poison Bay,11/8/23,8/31/21,F2,Q,,,,,0,,,,,
SAR_21_6224,Poison Bay,11/8/23,8/31/21,F2,Q,,,,,0,,,,,
SAR_21_6225,Poison Bay,11/8/23,8/31/21,F2,Q,,,,,0,,,,,
SAR_21_6226,Poison Bay,11/8/23,8/31/21,F2,Q,,,,,0,,,,,
SAR_21_6227,Poison Bay,11/8/23,8/31/21,F2,Q,,,,,0,,,,,
SAR_21_6228,Poison Bay,11/8/23,8/31/21,F2,Q,,,,,0,,,,,
SAR_21_6229,Poison Bay,11/8/23,8/31/21,F2,Q,,,,,0,,,,,
SAR_21_6230,Poison Bay,11/8/23,8/31/21,F2,Q,,,,,0,,,,,
SAR_21_6231,Poison Bay,11/8/23,8/31/21,F2,Q,,,,,0,,,,,
SAR_21_6232,Poison Bay,11/8/23,8/31/21,F2,Q,,,,,0,,,,,
SAR_21_6233,Poison Bay,11/8/23,8/31/21,F2,Q,,,,,0,,,,,
SAR_21_6234,Poison Bay,11/8/23,8/31/21,F2,Q,,,,,0,,,,,
SAR_21_6235,Poison Bay,11/8/23,8/31/21,F2,Q,,,,,0,,,,,
SAR_21_6236,Poison Bay,11/8/23,8/31/21,F2,Q,,,,,0,,,,,
SAR_21_6237,Poison Bay,11/8/23,8/31/21,F2,Q,,,,,0,,,,,
SAR_21_6238,Poison Bay,11/8/23,8/31/21,F2,Q,,,,,0,,,,,
SAR_21_6239,Poison Bay,11/8/23,8/31/21,F2,Q,,,,,0,,,,,
SAR_21_6240,Poison Bay,11/8/23,8/31/21,F2,Q,,,,,0,,,,,
SAR_21_6241,Poison Bay,11/8/23,8/31/21,F2,Q,,,,,0,,,,,
SAR_21_6242,Poison Bay,11/8/23,8/31/21,F2,Q,,,,,0,,,,,
SAR_21_6243,Poison Bay,11/8/23,8/31/21,F2,Q,,,,,0,,,,,
SAR_21_6244,Poison Bay,11/8/23,8/31/21,F2,Q,,,,,0,,,,,
SAR_21_6245,Poison Bay,11/8/23,8/31/21,F2,Q,,,,,0,,,,,
SAR_21_6246,Poison Bay,11/8/23,8/31/21,F2,Q,,,,,0,,,,,
SAR_21_6247,Poison Bay,11/8/23,8/31/21,F2,Q,,,,,0,,,,,
SAR_21_6248,Poison Bay,11/8/23,8/31/21,F2,Q,,,,,0,,,,,
SAR_21_6249,Poison Bay,11/8/23,8/31/21,F2,Q,,,,,0,,,,,
SAR_21_6250,Poison Bay,11/8/23,8/31/21,F2,Q,,,,,0,,,,,
SAR_21_6251,Poison Bay,11/8/23,8/31/21,F2,Q,,,,,0,,,,,
SAR_21_6252,Poison Bay,11/8/23,8/31/21,F2,Q,,,,,0,,,,,
SAR_21_6253,Poison Bay,11/8/23,8/31/21,F2,Q,,,,,0,,,,,
SAR_21_6254,Poison Bay,11/8/23,8/31/21,F2,Q,,,,,0,,,,,
SAR_21_6255,Poison Bay,11/8/23,8/31/21,F2,Q,,,,,0,,,,,
SAR_21_6256,Poison Bay,11/8/23,8/31/21,F2,Q,,,,,0,,,,,
SAR_21_6257,Poison Bay,11/8/23,8/31/21,F2,Q,,,,,0,,,,,
SAR_21_6258,Poison Bay,11/8/23,8/31/21,F2,Q,,,,,0,,,,,
SAR_21_6259,Poison Bay,11/8/23,8/31/21,F2,Q,,,,,0,,,,,
SAR_21_6260,Poison Bay,11/8/23,8/31/21,F2,Q,,,,,0,,,,,
SAR_21_6261,Poison Bay,11/8/23,8/31/21,F2,Q,,,,,0,,,,,
SAR_21_6262,Poison Bay,11/8/23,8/31/21,F2,Q,,,,,0,,,,,
SAR_21_6263,Poison Bay,11/8/23,8/31/21,F2,Q,,,,,0,,,,,
SAR_21_6264,Poison Bay,11/8/23,8/31/21,F2,Q,,,,,0,,,,,
SAR_21_6265,Poison Bay,11/8/23,8/31/21,F2,Q,,,,,0,,,,,
SAR_21_6266,Poison Bay,11/8/23,8/31/21,F2,Q,,,,,0,,,,,
SAR_21_6267,Poison Bay,11/8/23,8/31/21,F2,Q,,,,,0,,,,,
SAR_21_6268,Poison Bay,11/8/23,8/31/21,F2,Q,,,,,0,,,,,
SAR_21_6269,Poison Bay,11/8/23,8/31/21,F2,Q,,,,,0,,,,,
SAR_21_6270,Poison Bay,11/8/23,8/31/21,F2,Q,,,,,0,,,,,
SAR_21_6271,Poison Bay,11/8/23,8/31/21,F2,Q,,,,,0,,,,,
SAR_21_6272,Poison Bay,11/8/23,8/31/21,F2,Q,,,,,0,,,,,
SAR_21_6273,Poison Bay,11/8/23,8/31/21,F2,Q,,,,,0,,,,,
SAR_21_6274,Poison Bay,11/8/23,8/31/21,F2,Q,,,,,0,,,,,
SAR_21_6275,Poison Bay,11/8/23,8/31/21,F2,Q,,,,,0,,,,,
SAR_21_6276,Poison Bay,11/8/23,8/31/21,F2,Q,,,,,0,,,,,
SAR_21_6277,Poison Bay,11/8/23,8/31/21,F2,Q,,,,,0,,,,,
SAR_21_6278,Poison Bay,11/8/23,8/31/21,F2,Q,,,,,0,,,,,
SAR_21_6279,Poison Bay,11/8/23,8/31/21,F2,Q,,,,,0,,,,,
SAR_21_6280,Poison Bay,11/8/23,8/31/21,F2,Q,,,,,0,,,,,
SAR_21_6281,Poison Bay,11/8/23,8/31/21,F2,Q,,,,,0,,,,,
SAR_21_6282,Poison Bay,11/8/23,8/31/21,F2,Q,,,,,0,,,,,
SAR_21_6283,Poison Bay,11/8/23,8/31/21,F2,Q,,,,,0,,,,,
SAR_21_6284,Poison Bay,11/8/23,8/31/21,F2,Q,,,,,0,,,,,
SAR_21_6285,Poison Bay,11/8/23,8/31/21,F2,Q,,,,,0,,,,,
SAR_21_6286,Poison Bay,11/8/23,8/31/21,F2,Q,,,,,0,,,,,
SAR_21_6287,Poison Bay,11/8/23,8/31/21,F2,Q,,,,,0,,,,,
SAR_21_6288,Poison Bay,11/8/23,8/31/21,F2,Q,,,,,0,,,,,
SAR_21_6289,Poison Bay,11/8/23,8/31/21,F2,Q,,,,,0,,,,,
SAR_21_6290,Poison Bay,11/8/23,8/31/21,F2,Q,,,,,0,,,,,
SAR_21_6291,Poison Bay,11/8/23,8/31/21,F2,Q,,,,,0,,,,,
SAR_21_6292,Poison Bay,11/8/23,8/31/21,F2,Q,,,,,0,,,,,
SAR_21_6293,Poison Bay,11/8/23,8/31/21,F2,Q,,,,,0,,,,,
SAR_21_6294,Poison Bay,11/8/23,8/31/21,F2,Q,,,,,0,,,,MISSING FIN CLIP,
SAR_21_6295,Poison Bay,11/8/23,8/31/21,F2,Q,,,,,0,,,,MISSING FIN CLIP,
SAR_21_6296,Poison Bay,11/8/23,8/31/21,F2,Q,,,,,0,,,,MISSING FIN CLIP,
SAR_21_6297,Poison Bay,11/8/23,8/31/21,F2,Q,,,,,0,,,,MISSING VIAL,
SAR_21_6298,Poison Bay,11/8/23,8/31/21,F2,Q,,,,,0,,,,MISSING VIAL,
SAR_21_6299,Poison Bay,11/8/23,8/31/21,F2,Q,,,,,0,,,,MISSING VIAL,
SAR_21_6300,Poison Bay,11/8/23,8/31/21,F2,Q,,,,,0,,,,MISSING VIAL,
SAR_21_6301,Boysen Reservoir,11/8/23,,F2,R,,,,,1,,,"SER #178, 13.5",,
SAR_21_6302,Boysen Reservoir,11/8/23,,F2,S,,,,,2,,,"SER #23, 14.8",,
SAR_21_6303,Boysen Reservoir,11/8/23,,F2,S,,,,,2,,,"SER #10, 14.2",,
SAR_21_6304,Boysen Reservoir,11/8/23,,F2,S,,,,,2,,,"SER #8, 13.4",,
SAR_21_6305,Boysen Reservoir,11/8/23,,F2,S,,,,,2,,,"SER #28, 14.7",,
SAR_21_6306,Boysen Reservoir,11/8/23,9/9/21,F2,T,,,,,0,,,,,
SAR_21_6307,Boysen Reservoir,11/8/23,9/9/21,F2,T,,,,,0,,,,,
SAR_21_6308,Boysen Reservoir,11/8/23,9/9/21,F2,T,,,,,0,,,,,
SAR_21_6309,Boysen Reservoir,11/8/23,9/9/21,F2,T,,,,,0,,,,,
SAR_21_6310,Boysen Reservoir,11/8/23,9/9/21,F2,T,,,,,0,,,,,
SAR_21_6311,Boysen Reservoir,11/8/23,9/9/21,F2,T,,,,,0,,,,,
SAR_21_6312,Boysen Reservoir,11/8/23,9/9/21,F2,T,,,,,0,,,,,
SAR_21_6313,Boysen Reservoir,11/8/23,9/9/21,F2,T,,,,,0,,,,,
SAR_21_6314,Boysen Reservoir,11/8/23,9/9/21,F2,T,,,,,0,,,,,
SAR_21_6315,Boysen Reservoir,11/8/23,9/9/21,F2,T,,,,,0,,,,,
SAR_21_6316,Boysen Reservoir,11/8/23,9/9/21,F2,T,,,,,0,,,,,
SAR_21_6317,Boysen Reservoir,11/8/23,9/9/21,F2,T,,,,,0,,,,,
SAR_21_6318,Boysen Reservoir,11/8/23,9/9/21,F2,T,,,,,0,,,,,
SAR_21_6319,Boysen Reservoir,11/8/23,9/9/21,F2,T,,,,,0,,,,,
SAR_21_6320,Boysen Reservoir,11/8/23,9/9/21,F2,T,,,,,0,,,,,
SAR_21_6321,Boysen Reservoir,11/8/23,9/9/21,F2,T,,,,,0,,,,,
SAR_21_6322,Boysen Reservoir,11/8/23,9/9/21,F2,T,,,,,0,,,,,
SAR_21_6323,Boysen Reservoir,11/8/23,9/9/21,F2,T,,,,,0,,,,,
SAR_21_6324,Boysen Reservoir,11/8/23,9/9/21,F2,T,,,,,0,,,,,
SAR_21_6325,Boysen Reservoir,11/8/23,9/9/21,F2,T,,,,,0,,,,,
SAR_21_6326,Boysen Reservoir,11/8/23,9/9/21,F2,T,,,,,0,,,,,
SAR_21_6327,Boysen Reservoir,11/8/23,9/9/21,F2,T,,,,,0,,,,,
SAR_21_6328,Boysen Reservoir,11/8/23,9/9/21,F2,T,,,,,0,,,,,
SAR_21_6329,Boysen Reservoir,11/8/23,9/9/21,F2,T,,,,,0,,,,,
SAR_21_6330,Boysen Reservoir,11/8/23,9/9/21,F2,T,,,,,0,,,,,
SAR_21_6331,Boysen Reservoir,11/8/23,9/9/21,F2,T,,,,,0,,,,,
SAR_21_6332,Boysen Reservoir,11/8/23,9/9/21,F2,T,,,,,0,,,,,
SAR_21_6333,Boysen Reservoir,11/8/23,9/9/21,F2,T,,,,,0,,,,,
SAR_21_6334,Boysen Reservoir,11/8/23,9/9/21,F2,T,,,,,0,,,,,
SAR_21_6335,Boysen Reservoir,11/8/23,9/9/21,F2,T,,,,,0,,,,,
SAR_21_6336,Boysen Reservoir,11/8/23,9/9/21,F2,T,,,,,0,,,,,
SAR_21_6337,Boysen Reservoir,11/8/23,9/9/21,F2,T,,,,,0,,,,,
SAR_21_6338,Boysen Reservoir,11/8/23,9/9/21,F2,T,,,,,0,,,,,
SAR_21_6339,Boysen Reservoir,11/8/23,9/9/21,F2,T,,,,,0,,,,,
SAR_21_6340,Boysen Reservoir,11/8/23,9/9/21,F2,T,,,,,0,,,,,
SAR_21_6341,Boysen Reservoir,11/8/23,9/9/21,F2,T,,,,,0,,,,,
SAR_21_6342,Boysen Reservoir,11/8/23,9/9/21,F2,T,,,,,0,,,,,
SAR_21_6343,Boysen Reservoir,11/8/23,9/9/21,F2,T,,,,,0,,,,,
SAR_21_6344,Boysen Reservoir,11/8/23,9/9/21,F2,T,,,,,0,,,,,
SAR_21_6345,Boysen Reservoir,11/8/23,9/9/21,F2,T,,,,,0,,,,,
SAR_21_6346,Boysen Reservoir,11/8/23,9/9/21,F2,T,,,,,0,,,,,
SAR_21_6347,Boysen Reservoir,11/8/23,9/9/21,F2,T,,,,,0,,,,,
SAR_21_6348,Boysen Reservoir,11/8/23,9/9/21,F2,T,,,,,0,,,,,
SAR_21_6349,Boysen Reservoir,11/8/23,9/9/21,F2,T,,,,,0,,,,,
SAR_21_6350,Boysen Reservoir,11/8/23,9/9/21,F2,T,,,,,0,,,,,
SAR_21_6351,Boysen Reservoir,11/8/23,9/9/21,F2,T,,,,,0,,,,,
SAR_21_6352,Boysen Reservoir,11/8/23,9/9/21,F2,T,,,,,0,,,,,
SAR_21_6353,Boysen Reservoir,11/8/23,9/9/21,F2,T,,,,,0,,,,,
SAR_21_6354,Boysen Reservoir,11/8/23,9/9/21,F2,T,,,,,0,,,,,
SAR_21_6355,Boysen Reservoir,11/8/23,9/9/21,F2,T,,,,,0,,,,,
SAR_21_6356,Boysen Reservoir,11/8/23,9/9/21,F2,T,,,,,0,,,,,
SAR_21_6357,Boysen Reservoir,11/8/23,9/9/21,F2,T,,,,,0,,,,,
SAR_21_6358,Boysen Reservoir,11/8/23,9/9/21,F2,T,,,,,0,,,,,
SAR_21_6359,Boysen Reservoir,11/8/23,9/9/21,F2,T,,,,,0,,,,,
SAR_21_6360,Boysen Reservoir,11/8/23,9/9/21,F2,T,,,,,0,,,,,
SAR_21_6361,Boysen Reservoir,11/8/23,9/9/21,F2,T,,,,,0,,,,,
SAR_21_6362,Boysen Reservoir,11/8/23,9/9/21,F2,T,,,,,0,,,,,
SAR_21_6363,Boysen Reservoir,11/8/23,9/9/21,F2,T,,,,,0,,,,,
SAR_21_6364,Boysen Reservoir,11/8/23,9/9/21,F2,T,,,,,0,,,,,
SAR_21_6365,Boysen Reservoir,11/8/23,9/9/21,F2,T,,,,,0,,,,,
SAR_21_6366,Boysen Reservoir,11/8/23,9/9/21,F2,T,,,,,0,,,,,
SAR_21_6367,Boysen Reservoir,11/8/23,9/9/21,F2,T,,,,,0,,,,,
SAR_21_6368,Boysen Reservoir,11/8/23,9/9/21,F2,T,,,,,0,,,,,
SAR_21_6369,Boysen Reservoir,11/8/23,9/9/21,F2,T,,,,,0,,,,,
SAR_21_6370,Boysen Reservoir,11/8/23,9/9/21,F2,T,,,,,0,,,,,
SAR_21_6371,Boysen Reservoir,11/8/23,9/9/21,F2,T,,,,,0,,,,,
SAR_21_6372,Boysen Reservoir,11/8/23,9/9/21,F2,T,,,,,0,,,,,
SAR_21_6373,Boysen Reservoir,11/8/23,9/9/21,F2,T,,,,,0,,,,,
SAR_21_6374,Boysen Reservoir,11/8/23,9/9/21,F2,T,,,,,0,,,,,
SAR_21_6375,Boysen Reservoir,11/8/23,9/9/21,F2,T,,,,,0,,,,,
SAR_21_6376,Boysen Reservoir,11/8/23,9/9/21,F2,T,,,,,0,,,,,
SAR_21_6377,Boysen Reservoir,11/8/23,9/9/21,F2,T,,,,,0,,,,,
SAR_21_6378,Boysen Reservoir,11/8/23,9/9/21,F2,T,,,,,0,,,,,
SAR_21_6379,Boysen Reservoir,11/8/23,9/9/21,F2,T,,,,,0,,,,,
SAR_21_6380,Boysen Reservoir,11/8/23,9/9/21,F2,T,,,,,0,,,,,
SAR_21_6381,Boysen Reservoir,11/8/23,9/9/21,F2,T,,,,,0,,,,,
SAR_21_6382,Boysen Reservoir,11/8/23,9/9/21,F2,T,,,,,0,,,,,
SAR_21_6383,Boysen Reservoir,11/8/23,9/9/21,F2,T,,,,,0,,,,,
SAR_21_6384,Boysen Reservoir,11/8/23,9/9/21,F2,T,,,,,0,,,,,
SAR_21_6385,Boysen Reservoir,11/8/23,9/9/21,F2,T,,,,,0,,,,,
SAR_21_6386,Boysen Reservoir,11/8/23,9/9/21,F2,T,,,,,0,,,,,
SAR_21_6387,Boysen Reservoir,11/8/23,9/9/21,F2,T,,,,,0,,,,,
SAR_21_6388,Boysen Reservoir,11/8/23,9/9/21,F2,T,,,,,0,,,,,
SAR_21_6389,Boysen Reservoir,11/8/23,9/9/21,F2,T,,,,,0,,,,,
SAR_21_6390,Boysen Reservoir,11/8/23,9/9/21,F2,T,,,,,0,,,,,
SAR_21_6391,Boysen Reservoir,11/8/23,9/9/21,F2,T,,,,,0,,,,,
SAR_21_6392,Boysen Reservoir,11/8/23,9/9/21,F2,T,,,,,0,,,,,
SAR_21_6393,Boysen Reservoir,11/8/23,9/9/21,F2,T,,,,,0,,,,,
SAR_21_6394,Boysen Reservoir,11/8/23,9/9/21,F2,T,,,,,0,,,,,
SAR_21_6395,Boysen Reservoir,11/8/23,9/9/21,F2,T,,,,,0,,,,,
SAR_21_6396,Boysen Reservoir,11/8/23,9/9/21,F2,T,,,,,0,,,,,
SAR_21_6397,Boysen Reservoir,11/8/23,9/9/21,F2,T,,,,,0,,,,,
SAR_21_6398,Boysen Reservoir,11/8/23,9/9/21,F2,T,,,,,0,,,,MISSING FIN CLIP,
SAR_15_6400,Little Wind R,2/19/24,5/21/15,F0,U,3788,,,,,,F,,,SAR_15_6415
SAR_15_6401,Little Wind R,2/19/24,5/21/15,F0,U,3719,,,,,,M,,,SAR_15_6417
SAR_15_6402,Little Wind R,2/19/24,5/21/15,F0,U,0636,,,,,,F,,,"SAR_15_6424, SAR_15_6412"
SAR_15_6403,Little Wind R,2/19/24,5/21/15,F0,U,3872,,,,,,F,,,"SAR_15_6413, SAR_15_6408"
SAR_15_6404,Little Wind R,2/19/24,5/21/15,F0,U,3714,,,,,,M,,,SAR_15_6421
SAR_15_6405,Little Wind R,2/19/24,5/21/15,F0,U,3564,,,,,,M,,,SAR_15_6411
SAR_15_6406,Little Wind R,2/19/24,5/21/15,F0,U,3782,,,,,,F,,,SAR_15_6410
SAR_15_6407,Little Wind R,2/19/24,5/21/15,F0,U,0967,,,,,,M,,,SAR_15_6423
SAR_15_6408,Little Wind R,2/19/24,5/21/15,F0,U,3902,,,,,,M,,,SAR_15_6403
SAR_15_6409,Little Wind R,2/19/24,5/21/15,F0,U,3881,,,,,,F,,,SAR_15_6418
SAR_15_6410,Little Wind R,2/19/24,5/21/15,F0,U,3959,,,,,,M,,,SAR_15_6406
SAR_15_6411,Little Wind R,2/19/24,5/21/15,F0,U,3623,,,,,,F,,,"SAR_15_6416, SAR_15_6405"
SAR_15_6412,Little Wind R,2/19/24,5/21/15,F0,U,3735,,,,,,M,,,SAR_15_6402
SAR_15_6413,Little Wind R,2/19/24,5/21/15,F0,U,3877,,,,,,M,,,SAR_15_6403
SAR_15_6414,Little Wind R,2/19/24,5/21/15,F0,U,3576,,,,,,M,,,SAR_15_6423
SAR_15_6415,Little Wind R,2/19/24,5/21/15,F0,U,3260,,,,,,M,,,"SAR_15_6400, SAR_16_6657"
SAR_15_6416,Little Wind R,2/19/24,5/21/15,F0,U,3727,,,,,,M,,,SAR_15_6411
SAR_15_6417,Little Wind R,2/19/24,5/21/15,F0,U,3618,,,,,,F,,,"SAR_15_6401, SAR_15_6420, SAR_15_6478"
SAR_15_6418,Little Wind R,2/19/24,5/21/15,F0,U,3954,,,,,,M,,,SAR_15_6409
SAR_15_6419,Little Wind R,2/19/24,5/21/15,F0,U,3796,,,,,,F,,,SAR_15_6422
SAR_15_6420,Little Wind R,2/19/24,5/21/15,F0,U,3865,,,,,,M,,,SAR_15_6417
SAR_15_6421,Little Wind R,2/19/24,5/21/15,F0,U,3883,,,,,,F,,,SAR_15_6404
SAR_15_6422,Little Wind R,2/19/24,5/21/15,F0,U,3586,,,,,,M,,,SAR_15_6419
SAR_15_6423,Little Wind R,2/19/24,5/21/15,F0,U,3247,,,,,,F,,,"SAR_15_6414, SAR_15_6407"
SAR_15_6424,Little Wind R,2/19/24,5/21/15,F0,U,3569,,,,,,M,,,SAR_15_6402
SAR_15_6425,Little Wind R,2/19/24,5/22/15,F0,V,3558,,,,,,F,,,SAR_15_6427
SAR_15_6426,Little Wind R,2/19/24,5/22/15,F0,V,3863,,,,,,F,,,SAR_15_6434
SAR_15_6427,Little Wind R,2/19/24,5/22/15,F0,V,3554,,,,,,M,,,SAR_15_6425
SAR_15_6428,Little Wind R,2/19/24,5/22/15,F0,V,3791,,,,,,F,,,SAR_15_6444
SAR_15_6429,Little Wind R,2/19/24,5/22/15,F0,V,3963,,,,,,M,,,SAR_15_6446
SAR_15_6430,Little Wind R,2/19/24,5/22/15,F0,V,3597,,,,,,M,,,SAR_15_6443
SAR_15_6431,Little Wind R,2/19/24,5/22/15,F0,V,3759,,,,,,F,,,SAR_15_6447
SAR_15_6432,Little Wind R,2/19/24,5/22/15,F0,V,3738,,,,,,M,,,SAR_15_6445
SAR_15_6433,Little Wind R,2/19/24,5/22/15,F0,V,3729,,,,,,M,,,
SAR_15_6434,Little Wind R,2/19/24,5/22/15,F0,V,3578,,,,,,M,,,SAR_15_6426
SAR_15_6435,Little Wind R,2/19/24,5/22/15,F0,V,0944,,,,,,M,,,SAR_15_6441
SAR_15_6436,Little Wind R,2/19/24,5/22/15,F0,V,3772,,,,,,,NOT SPAWNED,NOT SPAWNED,
SAR_15_6437,Little Wind R,2/19/24,5/22/15,F0,V,3711,,,,,,F,,,SAR_15_6438
SAR_15_6438,Little Wind R,2/19/24,5/22/15,F0,V,3312,,,,,,M,,,SAR_15_6437
SAR_15_6439,Little Wind R,2/19/24,5/22/15,F0,V,3905,,,,,,M,,,SAR_15_6442
SAR_15_6440,Little Wind R,2/19/24,5/22/15,F0,V,3895,,,,,,F,,,SAR_15_6432
SAR_15_6441,Little Wind R,2/19/24,5/22/15,F0,V,3873,,,,,,F,,,SAR_15_6435
SAR_15_6442,Little Wind R,2/19/24,5/22/15,F0,V,3784,,,,,,F,,,SAR_15_6439
SAR_15_6443,Little Wind R,2/19/24,5/22/15,F0,V,3886,,,,,,F,,,SAR_15_6430
SAR_15_6444,Little Wind R,2/19/24,5/22/15,F0,V,3705,,,,,,M,,,SAR_15_6428
SAR_15_6445,Little Wind R,2/19/24,5/22/15,F0,V,3896,,,,,,F,,,SAR_15_6432
SAR_15_6446,Little Wind R,2/19/24,5/22/15,F0,V,3758,,,,,,F,,,SAR_15_6429
SAR_15_6447,Little Wind R,2/19/24,5/22/15,F0,V,3132,,,,,,M,,,SAR_15_6431
SAR_15_6448,Little Wind R,2/19/24,5/23/15,F0,W,4496,,,,,,M,,,SAR_15_6459
SAR_15_6449,Little Wind R,2/19/24,5/23/15,F0,W,3803,,,,,,M,,,SAR_15_6472
SAR_15_6450,Little Wind R,2/19/24,5/23/15,F0,W,3771,,,,,,F,,,SAR_15_6458
SAR_15_6451,Little Wind R,2/19/24,5/23/15,F0,W,3742,,,,,,M,,,SAR_15_6476
SAR_15_6452,Little Wind R,2/19/24,5/23/15,F0,W,3320,,,,,,M,,,SAR_15_6457
SAR_15_6453,Little Wind R,2/19/24,5/23/15,F0,W,4483,,,,,,M,,,SAR_15_6479
SAR_15_6454,Little Wind R,2/19/24,5/23/15,F0,W,3850,,,,,,F,,,"SAR_15_6473, SAR_15_6460"
SAR_15_6455,Little Wind R,2/19/24,5/23/15,F0,W,3956,,,,,,F,,,SAR_15_6487
SAR_15_6456,Little Wind R,2/19/24,5/23/15,F0,W,3869,,,,,,F,,,SAR_15_6478
SAR_15_6457,Little Wind R,2/19/24,5/23/15,F0,W,3898,,,,,,F,,,SAR_15_6452
SAR_15_6458,Little Wind R,2/19/24,5/23/15,F0,W,3833,,,,,,M,,,SAR_15_6450
SAR_15_6459,Little Wind R,2/19/24,5/23/15,F0,W,3609,,,,,,F,,,SAR_15_6448
SAR_15_6460,Little Wind R,2/19/24,5/23/15,F0,W,3339,,,,,,M,,,SAR_15_6534
SAR_15_6461,Little Wind R,2/19/24,5/23/15,F0,W,3556,,,,,,F,,,SAR_15_6485
SAR_15_6462,Little Wind R,2/19/24,5/23/15,F0,W,3512,,,,,,F,,,SAR_15_6475
SAR_15_6463,Little Wind R,2/19/24,5/23/15,F0,W,3800,,,,,,F,,,SAR_15_6469
SAR_15_6464,Little Wind R,2/19/24,5/23/15,F0,W,3590,,,,,,M,,,SAR_15_6480
SAR_15_6465,Little Wind R,2/19/24,5/23/15,F0,W,3851,,,,,,M,,,SAR_15_6482
SAR_15_6466,Little Wind R,2/19/24,5/23/15,F0,W,2049,,,,,,M,,,SAR_15_6490
SAR_15_6467,Little Wind R,2/19/24,5/23/15,F0,W,3117,,,,,,F,,,SAR_15_6468
SAR_15_6468,Little Wind R,2/19/24,5/23/15,F0,W,3268,,,,,,M,,,SAR_15_6467
SAR_15_6469,Little Wind R,2/19/24,5/23/15,F0,W,3904,,,,,,M,,,SAR_15_6463
SAR_15_6470,Little Wind R,2/19/24,5/23/15,F0,W,3971,,,,,,F,,,SAR_15_6483
SAR_15_6471,Little Wind R,2/19/24,5/23/15,F0,W,3571,,,,,,M,,,SAR_15_6491
SAR_15_6472,Little Wind R,2/19/24,5/23/15,F0,W,3839,,,,,,F,,,SAR_15_6449
SAR_15_6473,Little Wind R,2/19/24,5/23/15,F0,W,3743,,,,,,M,,,SAR_15_6454
SAR_15_6474,Little Wind R,2/19/24,5/23/15,F0,W,3415,,,,,,M,,,SAR_15_6488
SAR_15_6475,Little Wind R,2/19/24,5/23/15,F0,W,3562,,,,,,M,,,SAR_15_6462
SAR_15_6476,Little Wind R,2/19/24,5/23/15,F0,W,3589,,,,,,F,,,SAR_15_6451
SAR_15_6477,Little Wind R,2/19/24,5/23/15,F0,W,3958,,,,,,M,,,SAR_15_6481
SAR_15_6478,Little Wind R,2/19/24,5/23/15,F0,W,3860,,,,,,M,,,SAR_15_6456
SAR_15_6479,Little Wind R,2/19/24,5/23/15,F0,W,4035,,,,,,F,,,SAR_15_6453
SAR_15_6480,Little Wind R,2/19/24,5/23/15,F0,W,3910,,,,,,F,,,SAR_15_6464
SAR_15_6481,Little Wind R,2/19/24,5/23/15,F0,W,3900,,,,,,F,,,SAR_15_6477
SAR_15_6482,Little Wind R,2/19/24,5/23/15,F0,W,4045,,,,,,F,,,SAR_15_6465
SAR_15_6483,Little Wind R,2/19/24,5/23/15,F0,W,0956,,,,,,M,,,SAR_15_6470
SAR_15_6484,Little Wind R,2/19/24,5/23/15,F0,W,3848,,,,,,M,,,SAR_15_6492
SAR_15_6485,Little Wind R,2/19/24,5/23/15,F0,W,3880,,,,,,M,,,SAR_15_6461
SAR_15_6486,Little Wind R,2/19/24,5/23/15,F0,W,4044,,,,,,M,,,SAR_15_6489
SAR_15_6487,Little Wind R,2/19/24,5/23/15,F0,W,4479,,,,,,M,,,SAR_15_6455
SAR_15_6488,Little Wind R,2/19/24,5/23/15,F0,W,3724,,,,,,F,,,SAR_15_6474
SAR_15_6489,Little Wind R,2/19/24,5/23/15,F0,W,3794,,,,,,F,,,SAR_15_6486
SAR_15_6490,Little Wind R,2/19/24,5/23/15,F0,W,3793,,,,,,F,,,SAR_15_6466
SAR_15_6491,Little Wind R,2/19/24,5/23/15,F0,W,3546,,,,,,F,,,SAR_15_6471
SAR_15_6492,Little Wind R,2/19/24,5/23/15,F0,W,4413,,,,,,F,,,SAR_15_6484
SAR_15_6493,Little Wind R,2/19/24,5/24/15,F0,X,3607,,,,,,F,,,SAR_15_6495
SAR_15_6494,Little Wind R,2/19/24,5/24/15,F0,X,3731,,,,,,M,,,SAR_15_6499
SAR_15_6495,Little Wind R,2/19/24,5/24/15,F0,X,4454,,,,,,M,,,SAR_15_6493
SAR_15_6496,Little Wind R,2/19/24,5/24/15,F0,X,3809,,,,,,M,,,SAR_15_6504
SAR_15_6497,Little Wind R,2/19/24,5/24/15,F0,X,3733,,,,,,M,,,SAR_15_6506
SAR_15_6498,Little Wind R,2/19/24,5/24/15,F0,X,3961,,,,,,M,,,SAR_15_6505
SAR_15_6499,Little Wind R,2/19/24,5/24/15,F0,X,3972,,,,,,F,,,SAR_15_6494
SAR_15_6500,Little Wind R,2/19/24,5/24/15,F0,X,3717,,,,,,M,,,SAR_15_6501
SAR_15_6501,Little Wind R,2/19/24,5/24/15,F0,X,3845,,,,,,F,,,SAR_15_6500
SAR_15_6502,Little Wind R,2/19/24,5/24/15,F0,X,3621,,,,,,F,,,"SAR_15_6503, SAR_15_6510"
SAR_15_6503,Little Wind R,2/19/24,5/24/15,F0,X,3113,,,,,,M,,,SAR_15_6502
SAR_15_6504,Little Wind R,2/19/24,5/24/15,F0,X,3867,,,,,,F,,,SAR_15_6496
SAR_15_6505,Little Wind R,2/19/24,5/24/15,F0,X,4434,,,,,,F,,,SAR_15_6498
SAR_15_6506,Little Wind R,2/19/24,5/24/15,F0,X,4037,,,,,,F,,,SAR_15_6497
SAR_15_6507,Little Wind R,2/19/24,5/24/15,F0,X,3560,,,,,,M,,,SAR_15_6508
SAR_15_6508,Little Wind R,2/19/24,5/24/15,F0,X,3891,,,,,,F,,,SAR_15_6507
SAR_15_6509,Little Wind R,2/19/24,5/24/15,F0,X,3679,,,,,,F,,,SAR_15_6511
SAR_15_6510,Little Wind R,2/19/24,5/24/15,F0,X,3823,,,,,,M,,,SAR_15_6502
SAR_15_6511,Little Wind R,2/19/24,5/24/15,F0,X,3707,,,,,,M,,,SAR_15_6509
SAR_15_6512,Little Wind R,2/19/24,5/24/15,F0,X,3619,,,,,,F,,,SAR_15_6513
SAR_15_6513,Little Wind R,2/19/24,5/24/15,F0,X,4477,,,,,,M,,,SAR_15_6512
SAR_16_6514,Little Wind R,2/19/24,5/24/16,F0,Y,4175,,,,,,M,,,SAR_16_6638
SAR_16_6515,Little Wind R,2/19/24,5/24/16,F0,Y,4919,,,,,,M,,,
SAR_16_6516,Little Wind R,2/19/24,5/24/16,F0,Y,4915,,,,,,M,,,SAR_16_6536
SAR_16_6517,Little Wind R,2/19/24,5/24/16,F0,Y,4931,,,,,,M,,,SAR_16_6652
SAR_16_6518,Little Wind R,2/19/24,5/24/16,F0,Y,4932,,,,,,M,,,
SAR_16_6519,Little Wind R,2/19/24,5/24/16,F0,Y,4904,,,,,,F,,,SAR_16_6542
SAR_16_6520,Little Wind R,2/19/24,5/24/16,F0,Y,4659,,,,,,F,,,
SAR_16_6521,Little Wind R,2/19/24,5/24/16,F0,Y,4958,,,,,,M,,,
SAR_16_6522,Little Wind R,2/19/24,5/24/16,F0,Y,4942,,,,,,M,,,SAR_16_6523
SAR_16_6523,Little Wind R,2/19/24,5/24/16,F0,Y,4913,,,,,,F,,,SAR_16_6522
SAR_16_6524,Little Wind R,2/19/24,5/24/16,F0,Y,4901,,,,,,F,,,SAR_16_6655
SAR_16_6525,Little Wind R,2/19/24,5/24/16,F0,Y,4918,,,,,,M,,,SAR_16_6574
SAR_16_6526,Little Wind R,2/19/24,5/24/16,F0,Y,4921,,,,,,M,,,
SAR_16_6527,Little Wind R,2/19/24,5/24/16,F0,Y,4937,,,,,,M,,,SAR_16_6539
SAR_16_6528,Little Wind R,2/19/24,5/24/16,F0,Y,4925,,,,,,M,,,SAR_16_6602
SAR_16_6529,Little Wind R,2/19/24,5/24/16,F0,Y,4941,,,,,,F,,,
SAR_16_6530,Little Wind R,2/19/24,5/24/16,F0,Y,4027,,,,,,F,,,SAR_16_6632
SAR_16_6531,Little Wind R,2/19/24,5/24/16,F0,Y,3239,,,,,,F,,,
SAR_16_6532,Little Wind R,2/19/24,5/24/16,F0,Y,4917,,,,,,M,,,
SAR_16_6533,Little Wind R,2/19/24,5/24/16,F0,Y,4950,,,,,,F,,,SAR_16_6560
SAR_16_6534,Little Wind R,2/19/24,5/24/16,F0,Y,3849,,,,,,F,,,"SAR_15_6473, SAR_15_6460"
SAR_16_6535,Little Wind R,2/19/24,5/24/16,F0,Y,4927,,,,,,M,,,SAR_16_6618
SAR_16_6536,Little Wind R,2/19/24,5/24/16,F0,Y,4914,,,,,,F,,,SAR_16_6516
SAR_16_6537,Little Wind R,2/19/24,5/24/16,F0,Y,4903,,,,,,F,,,"SAR_16_6634, SAR_16_6584"
SAR_16_6538,Little Wind R,2/19/24,5/24/16,F0,Y,4920,,,,,,M,,,SAR_16_6608
SAR_16_6539,Little Wind R,2/19/24,5/24/16,F0,Y,3755,,,,,,F,,,SAR_16_6527
SAR_16_6540,Little Wind R,2/19/24,5/24/16,F0,Y,4747,,,,,,F,,,
SAR_16_6541,Little Wind R,2/19/24,5/24/16,F0,Y,4511,,,,,,M,,,
SAR_16_6542,Little Wind R,2/19/24,5/24/16,F0,Y,4549,,,,,,M,,,SAR_16_6519
SAR_16_6543,Little Wind R,2/19/24,5/24/16,F0,Y,4547,,,,,,M,,,SAR_16_6582
SAR_16_6544,Little Wind R,2/19/24,5/24/16,F0,Y,870,,,,,,M,,,SAR_16_6565
SAR_16_6545,Little Wind R,2/19/24,5/24/16,F0,Y,4948,,,,,,F,,,
SAR_16_6546,Little Wind R,2/19/24,5/24/16,F0,Y,3219,,,,,,M,,,SAR_16_6597
SAR_16_6547,Little Wind R,2/19/24,5/24/16,F0,Y,2368,,,,,,M,,,SAR_16_6559
SAR_16_6548,Little Wind R,2/19/24,5/24/16,F0,Y,4548,,,,,,M,,,SAR_16_6563
SAR_16_6549,Little Wind R,2/19/24,5/24/16,F0,Y,4294,,,,,,F,,,SAR_16_6558
SAR_16_6550,Little Wind R,2/19/24,5/24/16,F0,Y,2425,,,,,,M,,,SAR_16_6609
SAR_16_6551,Little Wind R,2/19/24,5/24/16,F0,Y,4944,,,,,,F,,,SAR_16_6656
SAR_16_6552,Little Wind R,2/19/24,5/24/16,F0,Y,4906,,,,,,M,,,
SAR_16_6553,Little Wind R,2/19/24,5/24/16,F0,Y,3375,,,,,,M,,,SAR_16_6577
SAR_16_6554,Little Wind R,2/19/24,5/24/16,F0,Y,4945,,,,,,M,,,SAR_16_6586
SAR_16_6555,Little Wind R,2/19/24,5/24/16,F0,Y,4916,,,,,,M,,,SAR_16_6625
SAR_16_6556,Little Wind R,2/19/24,5/24/16,F0,Y,816,,,,,,M,,,
SAR_16_6557,Little Wind R,2/19/24,5/24/16,F0,Y,4943,,,,,,M,,,SAR_16_6654
SAR_16_6558,Little Wind R,2/19/24,5/24/16,F0,Y,4910,,,,,,M,,,SAR_16_6549
SAR_16_6559,Little Wind R,2/19/24,5/24/16,F0,Y,4940,,,,,,F,,,SAR_16_6547
SAR_16_6560,Little Wind R,2/19/24,5/24/16,F0,Y,4907,,,,,,M,,,SAR_16_6533
SAR_16_6561,Little Wind R,2/19/24,5/24/16,F0,Y,3940,,,,,,M,,,SAR_16_6596
SAR_16_6562,Little Wind R,2/19/24,5/24/16,F0,Y,4929,,,,,,M,,,
SAR_16_6563,Little Wind R,2/19/24,5/24/16,F0,Y,4902,,,,,,F,,,"SAR_16_6548, SAR_16_6578"
SAR_16_6564,Little Wind R,2/19/24,5/24/16,F0,Y,4930,,,,,,M,,,SAR_16_6605
SAR_16_6565,Little Wind R,2/19/24,5/24/16,F0,Y,4946,,,,,,F,,,"SAR_16_6544, SAR_16_6599"
SAR_16_6566,Little Wind R,2/19/24,5/24/16,F0,Y,4935,,,,,,F,,,"SAR_16_6645, SAR_16_6569"
SAR_16_6567,Little Wind R,2/19/24,5/24/16,F0,Y,4934,,,,,,M,,,SAR_16_6603
SAR_16_6568,Little Wind R,2/19/24,5/24/16,F0,Y,4909,,,,,,F,,,SAR_16_6623
SAR_16_6569,Little Wind R,2/19/24,5/24/16,F0,Y,4912,,,,,,M,,,SAR_16_6566
SAR_16_6570,Little Wind R,2/19/24,5/24/16,F0,Y,506,,,,,,M,,,
SAR_16_6571,Little Wind R,2/19/24,5/24/16,F0,Y,956,,,,,,M,,,SAR_16_6659
SAR_16_6572,Little Wind R,2/19/24,5/24/16,F0,Y,4989,,,,,,M,,,
SAR_16_6573,Little Wind R,2/19/24,5/24/16,F0,Y,2204,,,,,,M,,,SAR_16_6658
SAR_16_6574,Little Wind R,2/19/24,5/24/16,F0,Y,4936,,,,,,F,,,SAR_16_6525
SAR_16_6575,Little Wind R,2/19/24,5/24/16,F0,Y,4622,,,,,,M,,,
SAR_16_6576,Little Wind R,2/19/24,5/24/16,F0,Y,4950,,,,,,F,,,SAR_16_6560
SAR_16_6577,Little Wind R,2/19/24,5/24/16,F0,Y,4926,,,,,,F,,,"SAR_16_6553, SAR_16_6636"
SAR_16_6578,Little Wind R,2/19/24,5/24/16,F0,Y,2420,,,,,,M,,,SAR_16_6563
SAR_16_6579,Little Wind R,2/19/24,5/24/16,F0,Y,4928,,,,,,M,,,
SAR_16_6580,Little Wind R,2/19/24,5/24/16,F0,Y,2247,,,,,,M,,,
SAR_16_6581,Little Wind R,2/19/24,5/25/16,F0,Z,4538,,,,,,F,,,SAR_16_6662
SAR_16_6582,Little Wind R,2/19/24,5/25/16,F0,Z,4068,,,,,,F,,,"SAR_16_6543, SAR_16_6640"
SAR_16_6583,Little Wind R,2/19/24,5/25/16,F0,Z,4923,,,,,,M,,,"SAR_16_6595, SAR_16_6606"
SAR_16_6584,Little Wind R,2/19/24,5/25/16,F0,Z,4784,,,,,,M,,,SAR_16_6537
SAR_16_6585,Little Wind R,2/19/24,5/25/16,F0,Z,4785,,,,,,F,,,SAR_16_6628
SAR_16_6586,Little Wind R,2/19/24,5/25/16,F0,Z,4769,,,,,,F,,,SAR_16_6554
SAR_16_6587,Little Wind R,2/19/24,5/25/16,F0,Z,4786,,,,,,M,,,SAR_16_6588
SAR_16_6588,Little Wind R,2/19/24,5/25/16,F0,Z,4791,,,,,,F,,,SAR_16_6587
SAR_16_6589,Little Wind R,2/19/24,5/25/16,F0,Z,4799,,,,,,F,,,SAR_16_6646
SAR_16_6590,Little Wind R,2/19/24,5/25/16,F0,Z,2208,,,,,,M,,,
SAR_16_6591,Little Wind R,2/19/24,5/25/16,F0,Z,537,,,,,,M,,,SAR_16_6601
SAR_16_6592,Little Wind R,2/19/24,5/25/16,F0,Z,4775,,,,,,F,,,
SAR_16_6593,Little Wind R,2/19/24,5/25/16,F0,Z,4782,,,,,,F,,,
SAR_16_6594,Little Wind R,2/19/24,5/25/16,F0,Z,4924,,,,,,F,,,SAR_16_6648
SAR_16_6595,Little Wind R,2/19/24,5/25/16,F0,Z,4774,,,,,,F,,,SAR_16_6583
SAR_16_6596,Little Wind R,2/19/24,5/25/16,F0,Z,4796,,,,,,F,,,"SAR_16_6561, SAR_16_6615"
SAR_16_6597,Little Wind R,2/19/24,5/25/16,F0,Z,4794,,,,,,F,,,SAR_16_6546
SAR_16_6598,Little Wind R,2/19/24,5/25/16,F0,Z,4773,,,,,,F,,,
SAR_16_6599,Little Wind R,2/19/24,5/25/16,F0,Z,3573,,,,,,M,,,SAR_16_6565
SAR_16_6600,Little Wind R,2/19/24,5/25/16,F0,Z,4535,,,,,,F,,,
SAR_16_6601,Little Wind R,2/19/24,5/25/16,F0,Z,4770,,,,,,F,,,SAR_16_6591
SAR_16_6602,Little Wind R,2/19/24,5/25/16,F0,Z,531,,,,,,F,,,SAR_16_6528
SAR_16_6603,Little Wind R,2/19/24,5/25/16,F0,Z,4795,,,,,,F,,,SAR_16_6567
SAR_16_6604,Little Wind R,2/19/24,5/25/16,F0,Z,4768,,,,,,F,,,
SAR_16_6605,Little Wind R,2/19/24,5/25/16,F0,Z,4772,,,,,,F,,,SAR_16_6564
SAR_16_6606,Little Wind R,2/19/24,5/25/16,F0,Z,4780,,,,,,F,,,SAR_16_6583
SAR_16_6607,Little Wind R,2/19/24,5/25/16,F0,Z,4777,,,,,,M,,,
SAR_16_6608,Little Wind R,2/19/24,5/25/16,F0,Z,4800,,,,,,F,,,SAR_16_6538
SAR_16_6609,Little Wind R,2/19/24,5/25/16,F0,Z,4783,,,,,,F,,,SAR_16_6550
SAR_16_6610,Little Wind R,2/19/24,5/25/16,F0,Z,4789,,,,,,F,,,SAR_16_6620
SAR_16_6611,Little Wind R,2/19/24,5/25/16,F0,Z,4776,,,,,,F,,,
SAR_16_6612,Little Wind R,2/19/24,5/25/16,F0,Z,3537,,,,,,M,,,
SAR_16_6613,Little Wind R,2/19/24,5/25/16,F0,Z,4779,,,,,,M,,,
SAR_16_6614,Little Wind R,2/19/24,5/25/16,F0,Z,4787,,,,,,M,,,
SAR_16_6615,Little Wind R,2/19/24,5/25/16,F0,Z,4781,,,,,,M,,,SAR_16_6596
SAR_16_6616,Little Wind R,2/19/24,5/25/16,F0,Z,4792,,,,,,F,,,SAR_16_6637
SAR_16_6617,Little Wind R,2/19/24,5/25/16,F0,Z,4798,,,,,,F,,,
SAR_16_6618,Little Wind R,2/19/24,5/26/16,F0,AA,4561,,,,,,F,,,SAR_16_6535
SAR_16_6619,Little Wind R,2/19/24,5/26/16,F0,AA,4555,,,,,,F,,,
SAR_16_6620,Little Wind R,2/19/24,5/26/16,F0,AA,4565,,,,,,M,,,SAR_16_6610
SAR_16_6621,Little Wind R,2/19/24,5/26/16,F0,AA,4551,,,,,,F,,,
SAR_16_6622,Little Wind R,2/19/24,5/26/16,F0,AA,4751,,,,,,F,,,SAR_16_6633
SAR_16_6623,Little Wind R,2/19/24,5/26/16,F0,AA,4755,,,,,,M,,,SAR_16_6568
SAR_16_6624,Little Wind R,2/19/24,5/26/16,F0,AA,2124,,,,,,F,,,
SAR_16_6625,Little Wind R,2/19/24,5/26/16,F0,AA,4760,,,,,,F,,,SAR_16_6555
SAR_16_6626,Little Wind R,2/19/24,5/26/16,F0,AA,4763,,,,,,F,,,
SAR_16_6627,Little Wind R,2/19/24,5/26/16,F0,AA,4754,,,,,,F,,,
SAR_16_6628,Little Wind R,2/19/24,5/26/16,F0,AA,4564,,,,,,M,,,SAR_16_6585
SAR_16_6629,Little Wind R,2/19/24,5/26/16,F0,AA,977,,,,,,M,,,
SAR_16_6630,Little Wind R,2/19/24,5/26/16,F0,AA,2311,,,,,,M,,,SAR_16_6653
SAR_16_6631,Little Wind R,2/19/24,5/26/16,F0,AA,4284,,,,,,F,,,
SAR_16_6632,Little Wind R,2/19/24,5/26/16,F0,AA,4572,,,,,,M,,,SAR_16_6530
SAR_16_6633,Little Wind R,2/19/24,5/26/16,F0,AA,4560,,,,,,M,,,SAR_16_6622
SAR_16_6634,Little Wind R,2/19/24,5/26/16,F0,AA,4562,,,,,,M,,,SAR_16_6537
SAR_16_6635,Little Wind R,2/19/24,5/26/16,F0,AA,4563,,,,,,F,,,
SAR_16_6636,Little Wind R,2/19/24,5/26/16,F0,AA,4556,,,,,,M,,,SAR_16_6577
SAR_16_6637,Little Wind R,2/19/24,5/26/16,F0,AA,4552,,,,,,M,,,SAR_16_6616
SAR_16_6638,Little Wind R,2/19/24,5/26/16,F0,AA,4753,,,,,,F,,,SAR_16_6514
SAR_16_6639,Little Wind R,2/19/24,5/26/16,F0,AA,4762,,,,,,F,,,
SAR_16_6640,Little Wind R,2/19/24,5/26/16,F0,AA,2671,,,,,,M,,,SAR_16_6582
SAR_16_6641,Little Wind R,2/19/24,5/26/16,F0,AA,4758,,,,,,F,,,
SAR_16_6642,Little Wind R,2/19/24,5/26/16,F0,AA,4554,,,,,,F,,,
SAR_16_6643,Little Wind R,2/19/24,5/26/16,F0,AA,4560,,,,,,F,,,
SAR_16_6644,Little Wind R,2/19/24,5/26/16,F0,AA,4559,,,,,,M,,,
SAR_16_6645,Little Wind R,2/19/24,5/26/16,F0,AA,4553,,,,,,M,,,SAR_16_6566
SAR_16_6646,Little Wind R,2/19/24,5/26/16,F0,AA,4557,,,,,,M,,,SAR_16_6589
SAR_16_6647,Little Wind R,2/19/24,5/26/16,F0,AA,4571,,,,,,F,,,
SAR_16_6648,Little Wind R,2/19/24,5/26/16,F0,AA,4574,,,,,,M,,,SAR_16_6594
SAR_16_6649,Little Wind R,2/19/24,5/26/16,F0,AA,4575,,,,,,M,,,
SAR_16_6650,Little Wind R,2/19/24,5/26/16,F0,AA,4570,,,,,,F,,,
SAR_16_6651,Little Wind R,2/19/24,5/26/16,F0,AA,4764,,,,,,F,,,
SAR_16_6652,Little Wind R,2/19/24,5/26/16,F0,AA,4759,,,,,,F,,,SAR_16_6517
SAR_16_6653,Little Wind R,2/19/24,5/26/16,F0,AA,4757,,,,,,F,,,SAR_16_6630
SAR_16_6654,Little Wind R,2/19/24,5/26/16,F0,AA,4568,,,,,,F,,,SAR_16_6557
SAR_16_6655,Little Wind R,2/19/24,5/26/16,F0,AA,4573,,,,,,M,,,SAR_16_6524
SAR_16_6656,Little Wind R,2/19/24,5/26/16,F0,AA,933,,,,,,M,,,SAR_16_6551
SAR_16_6657,Little Wind R,2/19/24,5/26/16,F0,AA,3788,,,,,,F,,,
SAR_16_6658,Little Wind R,2/19/24,5/26/16,F0,AA,4761,,,,,,F,,,SAR_16_6573
SAR_16_6659,Little Wind R,2/19/24,5/26/16,F0,AA,3485,,,,,,F,,,SAR_16_6571
SAR_16_6660,Little Wind R,2/19/24,5/26/16,F0,AA,989,,,,,,F,,,
SAR_16_6661,Little Wind R,2/19/24,5/26/16,F0,AA,4752,,,,,,M,,,
SAR_16_6662,Little Wind R,2/19/24,5/26/16,F0,AA,4567,,,,,,M,,,SAR_16_6581
SAR_16_6663,Little Wind R,2/19/24,5/26/16,F0,AA,4569,,,,,,F,"""dry"" on vial. Had EtOH in it. ",,
SAR_15_6701,Little Wind R,9/13/24,,F1 - Test,OrangePlate,,,,,0,,,,,
SAR_15_6702,Little Wind R,9/13/24,,F1 - Test,OrangePlate,,,,,0,,,,,
SAR_15_6703,Little Wind R,9/13/24,,F1 - Test,OrangePlate,,,,,0,,,,,
SAR_15_6704,Little Wind R,9/13/24,,F1 - Test,OrangePlate,,,,,0,,,,,
SAR_15_6705,Little Wind R,9/13/24,,F1 - Test,OrangePlate,,,,,0,,,,,
SAR_15_6706,Little Wind R,9/13/24,,F1 - Test,OrangePlate,,,,,0,,,,,
SAR_15_6707,Little Wind R,9/13/24,,F1 - Test,OrangePlate,,,,,0,,,,,
SAR_15_6708,Little Wind R,9/13/24,,F1 - Test,OrangePlate,,,,,0,,,,,
SAR_15_6709,Little Wind R,9/13/24,,F1 - Test,OrangePlate,,,,,0,,,,,
SAR_15_6710,Little Wind R,9/13/24,,F1 - Test,OrangePlate,,,,,0,,,,,
SAR_15_6711,Little Wind R,9/13/24,,F1 - Test,OrangePlate,,,,,0,,,,,
SAR_15_6712,Little Wind R,9/13/24,,F1 - Test,OrangePlate,,,,,0,,,,,
SAR_15_6713,Little Wind R,9/13/24,,F1 - Test,OrangePlate,,,,,0,,,,,
SAR_15_6714,Little Wind R,9/13/24,,F1 - Test,OrangePlate,,,,,0,,,,,
SAR_15_6715,Little Wind R,9/13/24,,F1 - Test,OrangePlate,,,,,0,,,,,
SAR_15_6716,Little Wind R,9/13/24,,F1 - Test,OrangePlate,,,,,0,,,,,
SAR_15_6717,Little Wind R,9/13/24,,F1 - Test,OrangePlate,,,,,0,,,,,
SAR_15_6718,Little Wind R,9/13/24,,F1 - Test,OrangePlate,,,,,0,,,,,
SAR_15_6719,Little Wind R,9/13/24,,F1 - Test,OrangePlate,,,,,0,,,,,
SAR_15_6720,Little Wind R,9/13/24,,F1 - Test,OrangePlate,,,,,0,,,,,
SAR_15_6721,Little Wind R,9/13/24,,F1 - Test,OrangePlate,,,,,0,,,,,
SAR_15_6722,Little Wind R,9/13/24,,F1 - Test,OrangePlate,,,,,0,,,,,
SAR_15_6723,Little Wind R,9/13/24,,F1 - Test,OrangePlate,,,,,0,,,,,
SAR_15_6724,Little Wind R,9/13/24,,F1 - Test,OrangePlate,,,,,0,,,,,
SAR_15_6725,Little Wind R,9/13/24,,F1 - Test,OrangePlate,,,,,0,,,,,
SAR_15_6726,Little Wind R,9/13/24,,F1 - Test,OrangePlate,,,,,0,,,,,
SAR_15_6727,Little Wind R,9/13/24,,F1 - Test,OrangePlate,,,,,0,,,,,
SAR_15_6728,Little Wind R,9/13/24,,F1 - Test,OrangePlate,,,,,0,,,,,
SAR_15_6729,Little Wind R,9/13/24,,F1 - Test,OrangePlate,,,,,0,,,,,
SAR_15_6730,Little Wind R,9/13/24,,F1 - Test,OrangePlate,,,,,0,,,,,
SAR_15_6731,Little Wind R,9/13/24,,F1 - Test,OrangePlate,,,,,0,,,,,
SAR_15_6732,Little Wind R,9/13/24,,F1 - Test,OrangePlate,,,,,0,,,,,
SAR_15_6733,Little Wind R,9/13/24,,F1 - Test,OrangePlate,,,,,0,,,,,
SAR_15_6734,Little Wind R,9/13/24,,F1 - Test,OrangePlate,,,,,0,,,,,
SAR_15_6735,Little Wind R,9/13/24,,F1 - Test,OrangePlate,,,,,0,,,,,
SAR_15_6736,Little Wind R,9/13/24,,F1 - Test,OrangePlate,,,,,0,,,,,
SAR_15_6737,Little Wind R,9/13/24,,F1 - Test,OrangePlate,,,,,0,,,,,
SAR_15_6738,Little Wind R,9/13/24,,F1 - Test,OrangePlate,,,,,0,,,,,
SAR_15_6739,Little Wind R,9/13/24,,F1 - Test,OrangePlate,,,,,0,,,,,
SAR_15_6740,Little Wind R,9/13/24,,F1 - Test,OrangePlate,,,,,0,,,,,
SAR_15_6741,Little Wind R,9/13/24,,F1 - Test,OrangePlate,,,,,0,,,,,
SAR_15_6742,Little Wind R,9/13/24,,F1 - Test,OrangePlate,,,,,0,,,,,
SAR_15_6743,Little Wind R,9/13/24,,F1 - Test,OrangePlate,,,,,0,,,,,
SAR_15_6744,Little Wind R,9/13/24,,F1 - Test,OrangePlate,,,,,0,,,,,
SAR_15_6745,Little Wind R,9/13/24,,F1 - Test,OrangePlate,,,,,0,,,,,
SAR_15_6746,Little Wind R,9/13/24,,F1 - Test,OrangePlate,,,,,0,,,,,
SAR_15_6747,Little Wind R,9/13/24,,F1 - Test,OrangePlate,,,,,0,,,,,
SAR_15_6748,Little Wind R,9/13/24,,F1 - Test,OrangePlate,,,,,0,,,,,
SAR_15_6749,Little Wind R,9/13/24,,F1 - Test,OrangePlate,,,,,0,,,,,
SAR_15_6750,Little Wind R,9/13/24,,F1 - Test,OrangePlate,,,,,0,,,,,
SAR_15_6751,Little Wind R,9/13/24,,F1 - Test,OrangePlate,,,,,0,,,,,
SAR_15_6752,Little Wind R,9/13/24,,F1 - Test,OrangePlate,,,,,0,,,,,
SAR_15_6753,Little Wind R,9/13/24,,F1 - Test,OrangePlate,,,,,0,,,,,
SAR_15_6754,Little Wind R,9/13/24,,F1 - Test,OrangePlate,,,,,0,,,,,
SAR_15_6755,Little Wind R,9/13/24,,F1 - Test,OrangePlate,,,,,0,,,,,
SAR_15_6756,Little Wind R,9/13/24,,F1 - Test,OrangePlate,,,,,0,,,,,
SAR_15_6757,Little Wind R,9/13/24,,F1 - Test,OrangePlate,,,,,0,,,,,
SAR_15_6758,Little Wind R,9/13/24,,F1 - Test,OrangePlate,,,,,0,,,,,
SAR_15_6759,Little Wind R,9/13/24,,F1 - Test,OrangePlate,,,,,0,,,,,
SAR_15_6760,Little Wind R,9/13/24,,F1 - Test,OrangePlate,,,,,0,,,,,
SAR_15_6761,Little Wind R,9/13/24,,F1 - Test,OrangePlate,,,,,0,,,,,
SAR_15_6762,Little Wind R,9/13/24,,F1 - Test,OrangePlate,,,,,0,,,,,
SAR_15_6763,Little Wind R,9/13/24,,F1 - Test,OrangePlate,,,,,0,,,,,
SAR_15_6764,Little Wind R,9/13/24,,F1 - Test,OrangePlate,,,,,0,,,,,
SAR_15_6765,Little Wind R,9/13/24,,F1 - Test,OrangePlate,,,,,0,,,,,
SAR_15_6766,Little Wind R,9/13/24,,F1 - Test,OrangePlate,,,,,0,,,,,
SAR_15_6767,Little Wind R,9/13/24,,F1 - Test,OrangePlate,,,,,0,,,,,
SAR_15_6768,Little Wind R,9/13/24,,F1 - Test,OrangePlate,,,,,0,,,,,
SAR_15_6769,Little Wind R,9/13/24,,F1 - Test,OrangePlate,,,,,0,,,,,
SAR_15_6770,Little Wind R,9/13/24,,F1 - Test,OrangePlate,,,,,0,,,,,
SAR_15_6771,Little Wind R,9/13/24,,F1 - Test,OrangePlate,,,,,0,,,,INVERTED WITH 6772,
SAR_15_6772,Little Wind R,9/13/24,,F1 - Test,OrangePlate,,,,,0,,,,INVERTED WITH 6771,
SAR_15_6773,Little Wind R,9/13/24,,F1 - Test,OrangePlate,,,,,0,,,,,
SAR_15_6774,Little Wind R,9/13/24,,F1 - Test,OrangePlate,,,,,0,,,,,
SAR_15_6775,Little Wind R,9/13/24,,F1 - Test,OrangePlate,,,,,0,,,,,
SAR_15_6776,Little Wind R,9/13/24,,F1 - Test,OrangePlate,,,,,0,,,,,
SAR_15_6777,Little Wind R,9/13/24,,F1 - Test,OrangePlate,,,,,0,,,,,
SAR_15_6778,Little Wind R,9/13/24,,F1 - Test,OrangePlate,,,,,0,,,,,
SAR_15_6779,Little Wind R,9/13/24,,F1 - Test,OrangePlate,,,,,0,,,,,
SAR_15_6780,Little Wind R,9/13/24,,F1 - Test,OrangePlate,,,,,0,,,,,
SAR_15_6781,Little Wind R,9/13/24,,F1 - Test,OrangePlate,,,,,0,,,,,
SAR_15_6782,Little Wind R,9/13/24,,F1 - Test,OrangePlate,,,,,0,,,,,
SAR_15_6783,Little Wind R,9/13/24,,F1 - Test,OrangePlate,,,,,0,,,,,
SAR_15_6784,Little Wind R,9/13/24,,F1 - Test,OrangePlate,,,,,0,,,,,
SAR_15_6785,Little Wind R,9/13/24,,F1 - Test,OrangePlate,,,,,0,,,,,
SAR_15_6786,Little Wind R,9/13/24,,F1 - Test,OrangePlate,,,,,0,,,,,
SAR_15_6787,Little Wind R,9/13/24,,F1 - Test,OrangePlate,,,,,0,,,,,
SAR_15_6788,Little Wind R,9/13/24,,F1 - Test,OrangePlate,,,,,0,,,,,
SAR_15_6789,Little Wind R,9/13/24,,F1 - Test,OrangePlate,,,,,0,,,,,
SAR_15_6790,Little Wind R,9/13/24,,F1 - Test,OrangePlate,,,,,0,,,,,
SAR_15_6791,Little Wind R,9/13/24,,F1 - Test,OrangePlate,,,,,0,,,,,
SAR_15_6792,Little Wind R,9/13/24,,F1 - Test,OrangePlate,,,,,0,,,,,
SAR_15_6793,Little Wind R,9/13/24,,F1 - Test,OrangePlate,,,,,0,,,,,
SAR_15_6794,Little Wind R,9/13/24,,F1 - Test,OrangePlate,,,,,0,,,,,
SAR_15_6795,Little Wind R,9/13/24,,F1 - Test,OrangePlate,,,,,0,,,,,
SAR_15_6796,Little Wind R,9/13/24,,F1 - Test,OrangePlate,,,,,0,,,,,
SAR_99_6800,WGFD Possible Hybrids,9/13/24,,PossibleHybrid,,BOY_23_19,,,,,,,,,
SAR_99_6801,WGFD Possible Hybrids,9/13/24,,PossibleHybrid,,SxW_020424,,,,,,,,,
SAR_99_6802,WGFD Possible Hybrids,9/13/24,,PossibleHybrid,,SxW_051624,,,,,,,,,
SAR_99_6803,WF Lab,9/13/24,,WFLab,,Apr1to12_22_5173_WAE_SAR_Gen,,,,,,,,,
SAR_99_6804,WF Lab,9/13/24,,WFLab,,Apr1to12_22_119_SAR_Gen,,,,,,,,,
SAR_99_6805,WF Lab,9/13/24,,WFLab,,Apr1to12_22_10_WAE_Gen,,,,,,,,,