"","year","brood","offspring","rank","dam","sire","pair","valid_cross","dam.type","sire.type","hothiphop.parents","hiphop","hot.parents","hot.dam","hot.sire","hothiphop.dam","hothiphop.sire","below.threshold","threshold","loci.dyad.dam","loci.dyad.sire","loci.triad","offspring.heterozygosity","social.mother.sampled","social.father.sampled","social.mother","social.father","condition","ranking","ranking2"
"1",2015,"Test_F1","SAR_15_6701",1,"SAR_15_6446","SAR_15_6429","SAR_15_6429_SAR_15_6446",TRUE,"within-group subordinate","within-group subordinate",143,55,88,53,38,108,93,1,99999,4833,4878,4826,0.299017601309865,0,0,NA,NA,"none","hothiphop.parents","none"
"2",2015,"Test_F1","SAR_15_6701",2,"SAR_15_6508","SAR_15_6429","SAR_15_6429_SAR_15_6508",FALSE,"within-group subordinate","within-group subordinate",341,199,142,130,38,329,237,1,99999,2977,4878,2973,0.299017601309865,0,0,NA,NA,"none","hothiphop.parents","none"
"3",2015,"Test_F1","SAR_15_6701",3,"SAR_15_6437","SAR_15_6429","SAR_15_6429_SAR_15_6437",FALSE,"within-group subordinate","within-group subordinate",369,196,173,158,38,354,234,1,99999,2611,4878,2609,0.299017601309865,0,0,NA,NA,"none","hothiphop.parents","none"
"4",2015,"Test_F1","SAR_15_6702",1,"SAR_15_6493","SAR_15_6495","SAR_15_6493_SAR_15_6495",TRUE,"within-group subordinate","within-group subordinate",180,89,91,66,30,155,119,1,99999,4852,4976,4836,0.293811335870218,0,0,NA,NA,"none","hothiphop.parents","none"
"5",2015,"Test_F1","SAR_15_6702",2,"SAR_15_6508","SAR_15_6495","SAR_15_6495_SAR_15_6508",FALSE,"within-group subordinate","within-group subordinate",316,189,127,121,30,310,219,1,99999,3025,4976,3022,0.293811335870218,0,0,NA,NA,"none","hothiphop.parents","none"
"6",2015,"Test_F1","SAR_15_6702",3,"SAR_15_6508","SAR_15_6401","SAR_15_6401_SAR_15_6508",FALSE,"within-group subordinate","within-group subordinate",361,204,157,121,121,325,325,1,99999,3025,4917,3005,0.293811335870218,0,0,NA,NA,"none","hothiphop.parents","none"
"7",2015,"Test_F1","SAR_15_6703",1,"SAR_15_6502","SAR_15_6510","SAR_15_6502_SAR_15_6510",TRUE,"within-group subordinate","within-group subordinate",294,221,73,52,33,273,254,1,99999,4339,4947,4329,0.361088709677419,0,0,NA,NA,"none","hothiphop.parents","none"
"8",2015,"Test_F1","SAR_15_6703",2,"SAR_15_6508","SAR_15_6510","SAR_15_6508_SAR_15_6510",FALSE,"within-group subordinate","within-group subordinate",373,274,99,86,33,360,307,1,99999,3008,4947,3003,0.361088709677419,0,0,NA,NA,"none","hothiphop.parents","none"
"9",2015,"Test_F1","SAR_15_6703",3,"SAR_15_6508","SAR_15_6401","SAR_15_6401_SAR_15_6508",FALSE,"within-group subordinate","within-group subordinate",383,271,112,86,92,357,363,1,99999,3008,4886,2989,0.361088709677419,0,0,NA,NA,"none","hothiphop.parents","none"
"10",2015,"Test_F1","SAR_15_6704",1,"SAR_15_6426","SAR_15_6434","SAR_15_6426_SAR_15_6434",TRUE,"within-group subordinate","within-group subordinate",144,98,46,26,25,124,123,1,99999,4985,4990,4974,0.314137172565487,0,0,NA,NA,"none","hothiphop.parents","none"
"11",2015,"Test_F1","SAR_15_6704",2,"SAR_15_6426","SAR_15_6407","SAR_15_6407_SAR_15_6426",FALSE,"within-group subordinate","within-group subordinate",326,222,104,26,87,248,309,1,99999,4985,4968,4954,0.314137172565487,0,0,NA,NA,"none","hothiphop.parents","none"
"12",2015,"Test_F1","SAR_15_6704",3,"SAR_15_6508","SAR_15_6434","SAR_15_6434_SAR_15_6508",FALSE,"within-group subordinate","within-group subordinate",345,213,132,122,25,335,238,1,99999,3022,4990,3020,0.314137172565487,0,0,NA,NA,"none","hothiphop.parents","none"
"13",2015,"Test_F1","SAR_15_6705",1,"SAR_15_6472","SAR_15_6449","SAR_15_6449_SAR_15_6472",TRUE,"within-group subordinate","within-group subordinate",149,113,36,15,22,128,135,1,99999,4999,4943,4930,0.337390263367917,0,0,NA,NA,"none","hothiphop.parents","none"
"14",2015,"Test_F1","SAR_15_6705",2,"SAR_15_6472","SAR_15_6401","SAR_15_6401_SAR_15_6472",FALSE,"within-group subordinate","within-group subordinate",339,249,90,15,81,264,330,1,99999,4999,4934,4921,0.337390263367917,0,0,NA,NA,"none","hothiphop.parents","none"
"15",2015,"Test_F1","SAR_15_6705",3,"SAR_15_6508","SAR_15_6449","SAR_15_6449_SAR_15_6508",FALSE,"within-group subordinate","within-group subordinate",391,254,137,133,22,387,276,1,99999,3028,4943,3015,0.337390263367917,0,0,NA,NA,"none","hothiphop.parents","none"
"16",2015,"Test_F1","SAR_15_6706",1,"SAR_15_6403","SAR_15_6408","SAR_15_6403_SAR_15_6408",TRUE,"within-group subordinate","within-group subordinate",197,129,68,41,33,170,162,1,99999,4921,4933,4857,0.349520383693046,0,0,NA,NA,"none","hothiphop.parents","none"
"17",2015,"Test_F1","SAR_15_6706",2,"SAR_15_6508","SAR_15_6408","SAR_15_6408_SAR_15_6508",FALSE,"within-group subordinate","within-group subordinate",349,218,131,123,33,341,251,1,99999,3023,4933,3001,0.349520383693046,0,0,NA,NA,"none","hothiphop.parents","none"
"18",2015,"Test_F1","SAR_15_6706",3,"SAR_15_6508","SAR_15_6401","SAR_15_6401_SAR_15_6508",FALSE,"within-group subordinate","within-group subordinate",388,239,149,123,90,362,329,1,99999,3023,4926,3002,0.349520383693046,0,0,NA,NA,"none","hothiphop.parents","none"
"19",2015,"Test_F1","SAR_15_6707",1,"SAR_15_6417","SAR_15_6401","SAR_15_6401_SAR_15_6417",TRUE,"within-group subordinate","within-group subordinate",141,97,44,17,31,114,128,1,99999,5001,4943,4924,0.350457984866587,0,0,NA,NA,"none","hothiphop.parents","none"
"20",2015,"Test_F1","SAR_15_6707",2,"SAR_15_6417","SAR_15_6474","SAR_15_6417_SAR_15_6474",FALSE,"within-group subordinate","within-group subordinate",271,164,107,17,93,181,257,1,99999,5001,5009,4988,0.350457984866587,0,0,NA,NA,"none","hothiphop.parents","none"
"21",2015,"Test_F1","SAR_15_6707",3,"SAR_15_6508","SAR_15_6401","SAR_15_6401_SAR_15_6508",FALSE,"within-group subordinate","within-group subordinate",318,180,138,135,31,315,211,1,99999,3028,4943,3008,0.350457984866587,0,0,NA,NA,"none","hothiphop.parents","none"
"22",2015,"Test_F1","SAR_15_6708",1,"SAR_15_6489","SAR_15_6486","SAR_15_6486_SAR_15_6489",TRUE,"within-group subordinate","within-group subordinate",147,92,55,22,35,114,127,1,99999,4982,5006,4965,0.387828162291169,0,0,NA,NA,"none","hothiphop.parents","none"
"23",2015,"Test_F1","SAR_15_6708",2,"SAR_15_6489","SAR_15_6401","SAR_15_6401_SAR_15_6489",FALSE,"within-group subordinate","within-group subordinate",337,253,84,22,70,275,323,1,99999,4982,4949,4910,0.387828162291169,0,0,NA,NA,"none","hothiphop.parents","none"
"24",2015,"Test_F1","SAR_15_6708",3,"SAR_15_6489","SAR_15_6407","SAR_15_6407_SAR_15_6489",FALSE,"within-group subordinate","within-group subordinate",380,281,99,22,85,303,366,1,99999,4982,4995,4950,0.387828162291169,0,0,NA,NA,"none","hothiphop.parents","none"
"25",2015,"Test_F1","SAR_15_6709",1,"SAR_15_6417","SAR_15_6420","SAR_15_6417_SAR_15_6420",TRUE,"within-group subordinate","within-group subordinate",197,140,57,28,36,168,176,1,99999,4995,4890,4873,0.367298105682951,0,0,NA,NA,"none","hothiphop.parents","none"
"26",2015,"Test_F1","SAR_15_6709",2,"SAR_15_6508","SAR_15_6420","SAR_15_6420_SAR_15_6508",FALSE,"within-group subordinate","within-group subordinate",358,252,106,99,36,351,288,1,99999,3032,4890,2991,0.367298105682951,0,0,NA,NA,"none","hothiphop.parents","none"
"27",2015,"Test_F1","SAR_15_6709",3,"SAR_15_6417","SAR_15_6401","SAR_15_6401_SAR_15_6417",TRUE,"within-group subordinate","within-group subordinate",372,269,103,28,90,297,359,1,99999,4995,4936,4918,0.367298105682951,0,0,NA,NA,"none","hothiphop.parents","none"
"28",2015,"Test_F1","SAR_15_6710",1,"SAR_15_6440","SAR_15_6401","SAR_15_6401_SAR_15_6440",FALSE,"within-group subordinate","within-group subordinate",321,226,95,17,84,243,310,1,99999,4977,4922,4901,0.3238,0,0,NA,NA,"none","hothiphop.parents","none"
"29",2015,"Test_F1","SAR_15_6710",2,"SAR_15_6508","SAR_15_6401","SAR_15_6401_SAR_15_6508",FALSE,"within-group subordinate","within-group subordinate",381,227,154,128,84,355,311,1,99999,3016,4922,2995,0.3238,0,0,NA,NA,"none","hothiphop.parents","none"
"30",2015,"Test_F1","SAR_15_6710",3,"SAR_15_6440","SAR_15_6407","SAR_15_6407_SAR_15_6440",FALSE,"within-group subordinate","within-group subordinate",387,261,126,17,114,278,375,1,99999,4977,4968,4946,0.3238,0,0,NA,NA,"none","hothiphop.parents","none"
"31",2015,"Test_F1","SAR_15_6711",1,"SAR_15_6417","SAR_15_6420","SAR_15_6417_SAR_15_6420",TRUE,"within-group subordinate","within-group subordinate",190,148,42,16,27,164,175,1,99999,4993,4890,4872,0.394295971280415,0,0,NA,NA,"none","hothiphop.parents","none"
"32",2015,"Test_F1","SAR_15_6711",2,"SAR_15_6508","SAR_15_6420","SAR_15_6420_SAR_15_6508",FALSE,"within-group subordinate","within-group subordinate",350,268,82,76,27,344,295,1,99999,3029,4890,2989,0.394295971280415,0,0,NA,NA,"none","hothiphop.parents","none"
"33",2015,"Test_F1","SAR_15_6711",3,"SAR_15_6437","SAR_15_6420","SAR_15_6420_SAR_15_6437",FALSE,"within-group subordinate","within-group subordinate",369,256,113,109,27,365,283,1,99999,2665,4890,2621,0.394295971280415,0,0,NA,NA,"none","hothiphop.parents","none"
"34",2015,"Test_F1","SAR_15_6712",1,"SAR_15_6425","SAR_15_6427","SAR_15_6425_SAR_15_6427",TRUE,"within-group subordinate","within-group subordinate",123,86,37,22,17,108,103,1,99999,4975,4977,4955,0.33953581432573,0,0,NA,NA,"none","hothiphop.parents","none"
"35",2015,"Test_F1","SAR_15_6712",2,"SAR_15_6508","SAR_15_6427","SAR_15_6427_SAR_15_6508",FALSE,"within-group subordinate","within-group subordinate",325,233,92,88,17,321,250,1,99999,3023,4977,3016,0.33953581432573,0,0,NA,NA,"none","hothiphop.parents","none"
"36",2015,"Test_F1","SAR_15_6712",3,"SAR_15_6508","SAR_15_6401","SAR_15_6401_SAR_15_6508",FALSE,"within-group subordinate","within-group subordinate",332,215,117,88,91,303,306,1,99999,3023,4924,3004,0.33953581432573,0,0,NA,NA,"none","hothiphop.parents","none"
"37",2015,"Test_F1","SAR_15_6713",1,"SAR_15_6423","SAR_15_6407","SAR_15_6407_SAR_15_6423",TRUE,"within-group subordinate","within-group subordinate",151,99,52,21,33,120,132,1,99999,4988,4965,4956,0.343005803482089,0,0,NA,NA,"none","hothiphop.parents","none"
"38",2015,"Test_F1","SAR_15_6713",2,"SAR_15_6508","SAR_15_6407","SAR_15_6407_SAR_15_6508",FALSE,"within-group subordinate","within-group subordinate",284,179,105,94,33,273,212,1,99999,3021,4965,3015,0.343005803482089,0,0,NA,NA,"none","hothiphop.parents","none"
"39",2015,"Test_F1","SAR_15_6713",3,"SAR_15_6437","SAR_15_6407","SAR_15_6407_SAR_15_6437",FALSE,"within-group subordinate","within-group subordinate",354,204,150,144,33,348,237,1,99999,2656,4965,2649,0.343005803482089,0,0,NA,NA,"none","hothiphop.parents","none"
"40",2015,"Test_F1","SAR_15_6714",1,"SAR_15_6406","SAR_15_6410","SAR_15_6406_SAR_15_6410",TRUE,"within-group subordinate","within-group subordinate",145,99,46,25,22,124,121,1,99999,5001,5000,4988,0.327747855575504,0,0,NA,NA,"none","hothiphop.parents","none"
"41",2015,"Test_F1","SAR_15_6714",2,"SAR_15_6508","SAR_15_6410","SAR_15_6410_SAR_15_6508",FALSE,"within-group subordinate","within-group subordinate",354,228,126,121,22,349,250,1,99999,3027,5000,3019,0.327747855575504,0,0,NA,NA,"none","hothiphop.parents","none"
"42",2015,"Test_F1","SAR_15_6714",3,"SAR_15_6406","SAR_15_6401","SAR_15_6401_SAR_15_6406",FALSE,"within-group subordinate","within-group subordinate",376,263,113,25,99,288,362,1,99999,5001,4936,4926,0.327747855575504,0,0,NA,NA,"none","hothiphop.parents","none"
"43",2015,"Test_F1","SAR_15_6715",1,"SAR_15_6440","SAR_15_6401","SAR_15_6401_SAR_15_6440",FALSE,"within-group subordinate","within-group subordinate",337,229,108,17,94,246,323,1,99999,4991,4941,4917,0.333731819087468,0,0,NA,NA,"none","hothiphop.parents","none"
"44",2015,"Test_F1","SAR_15_6715",2,"SAR_15_6508","SAR_15_6401","SAR_15_6401_SAR_15_6508",FALSE,"within-group subordinate","within-group subordinate",361,214,147,118,94,332,308,1,99999,3027,4941,3008,0.333731819087468,0,0,NA,NA,"none","hothiphop.parents","none"
"45",2015,"Test_F1","SAR_15_6715",3,"SAR_15_6440","SAR_15_6407","SAR_15_6407_SAR_15_6440",FALSE,"within-group subordinate","within-group subordinate",376,237,139,17,128,254,365,1,99999,4991,4986,4960,0.333731819087468,0,0,NA,NA,"none","hothiphop.parents","none"
"46",2015,"Test_F1","SAR_15_6716",1,"SAR_15_6508","SAR_15_6401","SAR_15_6401_SAR_15_6508",FALSE,"within-group subordinate","within-group subordinate",369,305,64,51,39,356,344,1,99999,3007,4878,2992,0.440558026688233,0,0,NA,NA,"none","hothiphop.parents","none"
"47",2015,"Test_F1","SAR_15_6716",2,"SAR_15_6492","SAR_15_6484","SAR_15_6484_SAR_15_6492",TRUE,"within-group subordinate","within-group subordinate",374,304,70,10,64,314,368,1,99999,4924,4846,4826,0.440558026688233,0,0,NA,NA,"none","hothiphop.parents","none"
"48",2015,"Test_F1","SAR_15_6716",3,"SAR_15_6492","SAR_15_6401","SAR_15_6401_SAR_15_6492",FALSE,"within-group subordinate","within-group subordinate",379,333,46,10,39,343,372,1,99999,4924,4878,4859,0.440558026688233,0,0,NA,NA,"none","hothiphop.parents","none"
"49",2015,"Test_F1","SAR_15_6717",1,"SAR_15_6443","SAR_15_6430","SAR_15_6430_SAR_15_6443",TRUE,"within-group subordinate","within-group subordinate",167,113,54,37,19,150,132,1,99999,4904,4960,4893,0.338966002816335,0,0,NA,NA,"none","hothiphop.parents","none"
"50",2015,"Test_F1","SAR_15_6717",2,"SAR_15_6437","SAR_15_6430","SAR_15_6430_SAR_15_6437",FALSE,"within-group subordinate","within-group subordinate",317,190,127,127,19,317,209,1,99999,2648,4960,2645,0.338966002816335,0,0,NA,NA,"none","hothiphop.parents","none"
"51",2015,"Test_F1","SAR_15_6717",3,"SAR_15_6443","SAR_15_6401","SAR_15_6401_SAR_15_6443",FALSE,"within-group subordinate","within-group subordinate",331,240,91,37,62,277,302,1,99999,4904,4896,4829,0.338966002816335,0,0,NA,NA,"none","hothiphop.parents","none"
"52",2015,"Test_F1","SAR_15_6718",1,"SAR_15_6490","SAR_15_6466","SAR_15_6466_SAR_15_6490",TRUE,"within-group subordinate","within-group subordinate",132,83,49,30,19,113,102,1,99999,4884,4984,4876,0.32084918886441,0,0,NA,NA,"none","hothiphop.parents","none"
"53",2015,"Test_F1","SAR_15_6718",2,"SAR_15_6508","SAR_15_6466","SAR_15_6466_SAR_15_6508",FALSE,"within-group subordinate","within-group subordinate",356,209,147,140,19,349,228,1,99999,3020,4984,3016,0.32084918886441,0,0,NA,NA,"none","hothiphop.parents","none"
"54",2015,"Test_F1","SAR_15_6718",3,"SAR_15_6490","SAR_15_6401","SAR_15_6401_SAR_15_6490",FALSE,"within-group subordinate","within-group subordinate",362,246,116,30,99,276,345,1,99999,4884,4920,4824,0.32084918886441,0,0,NA,NA,"none","hothiphop.parents","none"
"55",2015,"Test_F1","SAR_15_6719",1,"SAR_15_6425","SAR_15_6427","SAR_15_6425_SAR_15_6427",TRUE,"within-group subordinate","within-group subordinate",135,87,48,34,19,121,106,1,99999,4983,4981,4963,0.333466613354658,0,0,NA,NA,"none","hothiphop.parents","none"
"56",2015,"Test_F1","SAR_15_6719",2,"SAR_15_6508","SAR_15_6427","SAR_15_6427_SAR_15_6508",FALSE,"within-group subordinate","within-group subordinate",285,206,79,74,19,280,225,1,99999,3028,4981,3021,0.333466613354658,0,0,NA,NA,"none","hothiphop.parents","none"
"57",2015,"Test_F1","SAR_15_6719",3,"SAR_15_6508","SAR_15_6401","SAR_15_6401_SAR_15_6508",FALSE,"within-group subordinate","within-group subordinate",335,219,116,74,106,293,325,1,99999,3028,4925,3008,0.333466613354658,0,0,NA,NA,"none","hothiphop.parents","none"
"58",2015,"Test_F1","SAR_15_6720",1,"SAR_15_6472","SAR_15_6449","SAR_15_6449_SAR_15_6472",TRUE,"within-group subordinate","within-group subordinate",143,87,56,26,31,113,118,1,99999,5005,4948,4936,0.325692645006976,0,0,NA,NA,"none","hothiphop.parents","none"
"59",2015,"Test_F1","SAR_15_6720",2,"SAR_15_6472","SAR_15_6401","SAR_15_6401_SAR_15_6472",FALSE,"within-group subordinate","within-group subordinate",352,234,118,26,102,260,336,1,99999,5005,4941,4929,0.325692645006976,0,0,NA,NA,"none","hothiphop.parents","none"
"60",2015,"Test_F1","SAR_15_6720",3,"SAR_15_6508","SAR_15_6449","SAR_15_6449_SAR_15_6508",FALSE,"within-group subordinate","within-group subordinate",361,222,139,130,31,352,253,1,99999,3028,4948,3018,0.325692645006976,0,0,NA,NA,"none","hothiphop.parents","none"
"61",2015,"Test_F1","SAR_15_6721",1,"SAR_15_6490","SAR_15_6466","SAR_15_6466_SAR_15_6490",TRUE,"within-group subordinate","within-group subordinate",243,176,67,48,23,224,199,1,99999,4874,4983,4866,0.341746794871795,0,0,NA,NA,"none","hothiphop.parents","none"
"62",2015,"Test_F1","SAR_15_6721",2,"SAR_15_6490","SAR_15_6401","SAR_15_6401_SAR_15_6490",FALSE,"within-group subordinate","within-group subordinate",383,266,117,48,89,314,355,1,99999,4874,4916,4810,0.341746794871795,0,0,NA,NA,"none","hothiphop.parents","none"
"63",2015,"Test_F1","SAR_15_6721",3,"SAR_15_6437","SAR_15_6466","SAR_15_6437_SAR_15_6466",FALSE,"within-group subordinate","within-group subordinate",395,250,145,142,23,392,273,1,99999,2651,4983,2647,0.341746794871795,0,0,NA,NA,"none","hothiphop.parents","none"
"64",2015,"Test_F1","SAR_15_6722",1,"SAR_15_6454","SAR_15_6473","SAR_15_6454_SAR_15_6473",TRUE,"within-group subordinate","within-group subordinate",362,312,50,29,22,341,334,1,99999,4942,4936,4924,0.412595882115462,0,0,NA,NA,"none","hothiphop.parents","none"
"65",2015,"Test_F1","SAR_15_6722",2,"SAR_15_6508","SAR_15_6401","SAR_15_6401_SAR_15_6508",FALSE,"within-group subordinate","within-group subordinate",370,291,79,65,57,356,348,1,99999,3024,4881,3003,0.412595882115462,0,0,NA,NA,"none","hothiphop.parents","none"
"66",2015,"Test_F1","SAR_15_6722",3,"SAR_15_6437","SAR_15_6401","SAR_15_6401_SAR_15_6437",FALSE,"within-group subordinate","within-group subordinate",385,278,107,94,57,372,335,1,99999,2643,4881,2626,0.412595882115462,0,0,NA,NA,"none","hothiphop.parents","none"
"67",2015,"Test_F1","SAR_15_6723",1,"SAR_15_6446","SAR_15_6429","SAR_15_6429_SAR_15_6446",TRUE,"within-group subordinate","within-group subordinate",206,155,51,15,38,170,193,1,99999,4936,4987,4929,0.406287545054065,0,0,NA,NA,"none","hothiphop.parents","none"
"68",2015,"Test_F1","SAR_15_6723",2,"SAR_15_6446","SAR_15_6401","SAR_15_6401_SAR_15_6446",FALSE,"within-group subordinate","within-group subordinate",350,282,68,15,58,297,340,1,99999,4936,4920,4868,0.406287545054065,0,0,NA,NA,"none","hothiphop.parents","none"
"69",2015,"Test_F1","SAR_15_6723",3,"SAR_15_6508","SAR_15_6401","SAR_15_6401_SAR_15_6508",FALSE,"within-group subordinate","within-group subordinate",375,288,87,65,58,353,346,1,99999,3020,4920,3004,0.406287545054065,0,0,NA,NA,"none","hothiphop.parents","none"
"70",2015,"Test_F1","SAR_15_6724",1,"SAR_15_6440","SAR_15_6401","SAR_15_6401_SAR_15_6440",FALSE,"within-group subordinate","within-group subordinate",313,205,108,16,96,221,301,1,99999,4973,4925,4900,0.304078368652539,0,0,NA,NA,"none","hothiphop.parents","none"
"71",2015,"Test_F1","SAR_15_6724",2,"SAR_15_6440","SAR_15_6407","SAR_15_6407_SAR_15_6440",FALSE,"within-group subordinate","within-group subordinate",348,193,155,16,144,209,337,1,99999,4973,4970,4943,0.304078368652539,0,0,NA,NA,"none","hothiphop.parents","none"
"72",2015,"Test_F1","SAR_15_6724",3,"SAR_15_6508","SAR_15_6401","SAR_15_6401_SAR_15_6508",FALSE,"within-group subordinate","within-group subordinate",394,226,168,145,96,371,322,1,99999,3020,4925,3000,0.304078368652539,0,0,NA,NA,"none","hothiphop.parents","none"
"73",2015,"Test_F1","SAR_15_6725",1,"SAR_15_6437","SAR_15_6438","SAR_15_6437_SAR_15_6438",TRUE,"within-group subordinate","within-group subordinate",228,116,112,96,43,212,159,1,99999,2640,4920,2633,0.311236863379143,0,0,NA,NA,"none","hothiphop.parents","none"
"74",2015,"Test_F1","SAR_15_6725",2,"SAR_15_6437","SAR_15_6401","SAR_15_6401_SAR_15_6437",FALSE,"within-group subordinate","within-group subordinate",342,197,145,96,95,293,292,1,99999,2640,4874,2621,0.311236863379143,0,0,NA,NA,"none","hothiphop.parents","none"
"75",2015,"Test_F1","SAR_15_6725",3,"SAR_15_6437","SAR_15_6407","SAR_15_6407_SAR_15_6437",FALSE,"within-group subordinate","within-group subordinate",358,209,149,96,117,305,326,1,99999,2640,4918,2634,0.311236863379143,0,0,NA,NA,"none","hothiphop.parents","none"
"76",2015,"Test_F1","SAR_15_6726",1,"SAR_15_6446","SAR_15_6429","SAR_15_6429_SAR_15_6446",TRUE,"within-group subordinate","within-group subordinate",269,211,58,38,21,249,232,1,99999,4946,4997,4938,0.384538553735517,0,0,NA,NA,"none","hothiphop.parents","none"
"77",2015,"Test_F1","SAR_15_6726",2,"SAR_15_6508","SAR_15_6429","SAR_15_6429_SAR_15_6508",FALSE,"within-group subordinate","within-group subordinate",368,279,89,80,21,359,300,1,99999,3031,4997,3027,0.384538553735517,0,0,NA,NA,"none","hothiphop.parents","none"
"78",2015,"Test_F1","SAR_15_6726",3,"SAR_15_6437","SAR_15_6401","SAR_15_6401_SAR_15_6437",FALSE,"within-group subordinate","within-group subordinate",389,268,121,108,71,376,339,1,99999,2652,4934,2636,0.384538553735517,0,0,NA,NA,"none","hothiphop.parents","none"
"79",2015,"Test_F1","SAR_15_6727",1,"SAR_15_6502","SAR_15_6503","SAR_15_6502_SAR_15_6503",TRUE,"within-group subordinate","within-group subordinate",291,220,71,50,46,270,266,1,99999,4387,4841,4263,0.372389098866123,0,0,NA,NA,"none","hothiphop.parents","none"
"80",2015,"Test_F1","SAR_15_6727",2,"SAR_15_6508","SAR_15_6503","SAR_15_6503_SAR_15_6508",FALSE,"within-group subordinate","within-group subordinate",325,214,111,97,46,311,260,1,99999,3034,4841,2972,0.372389098866123,0,0,NA,NA,"none","hothiphop.parents","none"
"81",2015,"Test_F1","SAR_15_6727",3,"SAR_15_6437","SAR_15_6503","SAR_15_6437_SAR_15_6503",FALSE,"within-group subordinate","within-group subordinate",369,223,146,138,46,361,269,1,99999,2667,4841,2602,0.372389098866123,0,0,NA,NA,"none","hothiphop.parents","none"
"82",2015,"Test_F1","SAR_15_6728",1,"SAR_15_6450","SAR_15_6458","SAR_15_6450_SAR_15_6458",TRUE,"within-group subordinate","within-group subordinate",200,154,46,34,16,188,170,1,99999,4980,4980,4960,0.359,0,0,NA,NA,"none","hothiphop.parents","none"
"83",2015,"Test_F1","SAR_15_6728",2,"SAR_15_6508","SAR_15_6401","SAR_15_6401_SAR_15_6508",FALSE,"within-group subordinate","within-group subordinate",372,240,132,103,79,343,319,1,99999,3027,4927,3007,0.359,0,0,NA,NA,"none","hothiphop.parents","none"
"84",2015,"Test_F1","SAR_15_6728",3,"SAR_15_6450","SAR_15_6401","SAR_15_6401_SAR_15_6450",FALSE,"within-group subordinate","within-group subordinate",374,267,107,34,79,301,346,1,99999,4980,4927,4909,0.359,0,0,NA,NA,"none","hothiphop.parents","none"
"85",2015,"Test_F1","SAR_15_6729",1,"SAR_15_6505","SAR_15_6498","SAR_15_6498_SAR_15_6505",TRUE,"within-group subordinate","within-group subordinate",175,118,57,40,25,158,143,1,99999,4858,4961,4814,0.344896331738437,0,0,NA,NA,"none","hothiphop.parents","none"
"86",2015,"Test_F1","SAR_15_6729",2,"SAR_15_6508","SAR_15_6498","SAR_15_6498_SAR_15_6508",FALSE,"within-group subordinate","within-group subordinate",325,215,110,104,25,319,240,1,99999,3031,4961,3009,0.344896331738437,0,0,NA,NA,"none","hothiphop.parents","none"
"87",2015,"Test_F1","SAR_15_6729",3,"SAR_15_6437","SAR_15_6498","SAR_15_6437_SAR_15_6498",FALSE,"within-group subordinate","within-group subordinate",351,217,134,133,25,350,242,1,99999,2661,4961,2640,0.344896331738437,0,0,NA,NA,"none","hothiphop.parents","none"
"88",2015,"Test_F1","SAR_15_6730",1,"SAR_15_6446","SAR_15_6429","SAR_15_6429_SAR_15_6446",TRUE,"within-group subordinate","within-group subordinate",171,130,41,28,15,158,145,1,99999,4952,5005,4944,0.361460203470975,0,0,NA,NA,"none","hothiphop.parents","none"
"89",2015,"Test_F1","SAR_15_6730",2,"SAR_15_6508","SAR_15_6429","SAR_15_6429_SAR_15_6508",FALSE,"within-group subordinate","within-group subordinate",367,258,109,105,15,363,273,1,99999,3029,5005,3026,0.361460203470975,0,0,NA,NA,"none","hothiphop.parents","none"
"90",2015,"Test_F1","SAR_15_6730",3,"SAR_15_6508","SAR_15_6401","SAR_15_6401_SAR_15_6508",FALSE,"within-group subordinate","within-group subordinate",380,247,133,105,94,352,341,1,99999,3029,4937,3010,0.361460203470975,0,0,NA,NA,"none","hothiphop.parents","none"
"91",2015,"Test_F1","SAR_15_6731",1,"SAR_15_6499","SAR_15_6494","SAR_15_6494_SAR_15_6499",TRUE,"within-group subordinate","within-group subordinate",137,86,51,20,33,106,119,1,99999,5000,4962,4932,0.329755515802027,0,0,NA,NA,"none","hothiphop.parents","none"
"92",2015,"Test_F1","SAR_15_6731",2,"SAR_15_6499","SAR_15_6401","SAR_15_6401_SAR_15_6499",FALSE,"within-group subordinate","within-group subordinate",347,233,114,20,101,253,334,1,99999,5000,4954,4926,0.329755515802027,0,0,NA,NA,"none","hothiphop.parents","none"
"93",2015,"Test_F1","SAR_15_6731",3,"SAR_15_6508","SAR_15_6494","SAR_15_6494_SAR_15_6508",FALSE,"within-group subordinate","within-group subordinate",353,219,134,124,33,343,252,1,99999,3036,4962,3010,0.329755515802027,0,0,NA,NA,"none","hothiphop.parents","none"
"94",2015,"Test_F1","SAR_15_6732",1,"SAR_15_6440","SAR_15_6401","SAR_15_6401_SAR_15_6440",FALSE,"within-group subordinate","within-group subordinate",307,185,122,33,100,218,285,1,99999,4875,4830,4808,0.278718628851255,0,0,NA,NA,"none","hothiphop.parents","none"
"95",2015,"Test_F1","SAR_15_6732",2,"SAR_15_6440","SAR_15_6407","SAR_15_6407_SAR_15_6440",FALSE,"within-group subordinate","within-group subordinate",347,183,164,33,143,216,326,1,99999,4875,4870,4846,0.278718628851255,0,0,NA,NA,"none","hothiphop.parents","none"
"96",2015,"Test_F1","SAR_15_6732",3,"SAR_15_6508","SAR_15_6401","SAR_15_6401_SAR_15_6508",FALSE,"within-group subordinate","within-group subordinate",370,196,174,149,100,345,296,1,99999,2993,4830,2972,0.278718628851255,0,0,NA,NA,"none","hothiphop.parents","none"
"97",2015,"Test_F1","SAR_15_6733",1,"SAR_15_6450","SAR_15_6458","SAR_15_6450_SAR_15_6458",TRUE,"within-group subordinate","within-group subordinate",115,50,65,35,31,85,81,1,99999,4963,4962,4944,0.30234892591849,0,0,NA,NA,"none","hothiphop.parents","none"
"98",2015,"Test_F1","SAR_15_6733",2,"SAR_15_6450","SAR_15_6401","SAR_15_6401_SAR_15_6450",FALSE,"within-group subordinate","within-group subordinate",334,211,123,35,96,246,307,1,99999,4963,4901,4885,0.30234892591849,0,0,NA,NA,"none","hothiphop.parents","none"
"99",2015,"Test_F1","SAR_15_6733",3,"SAR_15_6508","SAR_15_6458","SAR_15_6458_SAR_15_6508",FALSE,"within-group subordinate","within-group subordinate",346,231,115,108,31,339,262,1,99999,3014,4962,3007,0.30234892591849,0,0,NA,NA,"none","hothiphop.parents","none"
"100",2015,"Test_F1","SAR_15_6734",1,"SAR_15_6479","SAR_15_6453","SAR_15_6453_SAR_15_6479",TRUE,"within-group subordinate","within-group subordinate",248,197,51,25,29,222,226,1,99999,4945,4941,4896,0.383583583583584,0,0,NA,NA,"none","hothiphop.parents","none"
"101",2015,"Test_F1","SAR_15_6734",2,"SAR_15_6437","SAR_15_6401","SAR_15_6401_SAR_15_6437",FALSE,"within-group subordinate","within-group subordinate",387,268,119,106,67,374,335,1,99999,2654,4920,2637,0.383583583583584,0,0,NA,NA,"none","hothiphop.parents","none"
"102",2015,"Test_F1","SAR_15_6734",3,"SAR_15_6508","SAR_15_6401","SAR_15_6401_SAR_15_6508",FALSE,"within-group subordinate","within-group subordinate",396,283,113,98,67,381,350,1,99999,3028,4920,3008,0.383583583583584,0,0,NA,NA,"none","hothiphop.parents","none"
"103",2015,"Test_F1","SAR_15_6735",1,"SAR_15_6417","SAR_15_6420","SAR_15_6417_SAR_15_6420",TRUE,"within-group subordinate","within-group subordinate",140,83,57,22,37,105,120,1,99999,4977,4869,4852,0.327396437862718,0,0,NA,NA,"none","hothiphop.parents","none"
"104",2015,"Test_F1","SAR_15_6735",2,"SAR_15_6417","SAR_15_6401","SAR_15_6401_SAR_15_6417",TRUE,"within-group subordinate","within-group subordinate",333,220,113,22,103,242,323,1,99999,4977,4921,4903,0.327396437862718,0,0,NA,NA,"none","hothiphop.parents","none"
"105",2015,"Test_F1","SAR_15_6735",3,"SAR_15_6508","SAR_15_6420","SAR_15_6420_SAR_15_6508",FALSE,"within-group subordinate","within-group subordinate",369,215,154,140,37,355,252,1,99999,3022,4869,2980,0.327396437862718,0,0,NA,NA,"none","hothiphop.parents","none"
"106",2015,"Test_F1","SAR_15_6736",1,"SAR_15_6425","SAR_15_6427","SAR_15_6425_SAR_15_6427",TRUE,"within-group subordinate","within-group subordinate",153,113,40,18,25,131,138,1,99999,4997,4996,4976,0.360302909525707,0,0,NA,NA,"none","hothiphop.parents","none"
"107",2015,"Test_F1","SAR_15_6736",2,"SAR_15_6508","SAR_15_6427","SAR_15_6427_SAR_15_6508",FALSE,"within-group subordinate","within-group subordinate",328,244,84,73,25,317,269,1,99999,3033,4996,3026,0.360302909525707,0,0,NA,NA,"none","hothiphop.parents","none"
"108",2015,"Test_F1","SAR_15_6736",3,"SAR_15_6508","SAR_15_6401","SAR_15_6401_SAR_15_6508",FALSE,"within-group subordinate","within-group subordinate",341,236,105,73,88,309,324,1,99999,3033,4940,3012,0.360302909525707,0,0,NA,NA,"none","hothiphop.parents","none"
"109",2015,"Test_F1","SAR_15_6737",1,"SAR_15_6425","SAR_15_6427","SAR_15_6425_SAR_15_6427",TRUE,"within-group subordinate","within-group subordinate",248,198,50,27,29,225,227,1,99999,4971,4973,4950,0.381581581581582,0,0,NA,NA,"none","hothiphop.parents","none"
"110",2015,"Test_F1","SAR_15_6737",2,"SAR_15_6508","SAR_15_6401","SAR_15_6401_SAR_15_6508",FALSE,"within-group subordinate","within-group subordinate",362,260,102,74,78,334,338,1,99999,3026,4919,3006,0.381581581581582,0,0,NA,NA,"none","hothiphop.parents","none"
"111",2015,"Test_F1","SAR_15_6737",3,"SAR_15_6508","SAR_15_6427","SAR_15_6427_SAR_15_6508",FALSE,"within-group subordinate","within-group subordinate",378,295,83,74,29,369,324,1,99999,3026,4973,3019,0.381581581581582,0,0,NA,NA,"none","hothiphop.parents","none"
"112",2015,"Test_F1","SAR_15_6738",1,"SAR_15_6403","SAR_15_6413","SAR_15_6403_SAR_15_6413",TRUE,"within-group subordinate","within-group subordinate",171,102,69,44,27,146,129,1,99999,4927,4984,4899,0.330740075802912,0,0,NA,NA,"none","hothiphop.parents","none"
"113",2015,"Test_F1","SAR_15_6738",2,"SAR_15_6508","SAR_15_6413","SAR_15_6413_SAR_15_6508",FALSE,"within-group subordinate","within-group subordinate",335,224,111,104,27,328,251,1,99999,3028,4984,3020,0.330740075802912,0,0,NA,NA,"none","hothiphop.parents","none"
"114",2015,"Test_F1","SAR_15_6738",3,"SAR_15_6508","SAR_15_6401","SAR_15_6401_SAR_15_6508",FALSE,"within-group subordinate","within-group subordinate",360,229,131,104,87,333,316,1,99999,3028,4938,3009,0.330740075802912,0,0,NA,NA,"none","hothiphop.parents","none"
"115",2015,"Test_F1","SAR_15_6739",1,"SAR_15_6431","SAR_15_6447","SAR_15_6431_SAR_15_6447",TRUE,"within-group subordinate","within-group subordinate",155,107,48,18,31,125,138,1,99999,4978,5002,4969,0.345839153861505,0,0,NA,NA,"none","hothiphop.parents","none"
"116",2015,"Test_F1","SAR_15_6739",2,"SAR_15_6431","SAR_15_6401","SAR_15_6401_SAR_15_6431",FALSE,"within-group subordinate","within-group subordinate",341,252,89,18,80,270,332,1,99999,4978,4935,4904,0.345839153861505,0,0,NA,NA,"none","hothiphop.parents","none"
"117",2015,"Test_F1","SAR_15_6739",3,"SAR_15_6508","SAR_15_6447","SAR_15_6447_SAR_15_6508",FALSE,"within-group subordinate","within-group subordinate",390,255,135,127,31,382,286,1,99999,3030,5002,3027,0.345839153861505,0,0,NA,NA,"none","hothiphop.parents","none"
"118",2015,"Test_F1","SAR_15_6740",1,"SAR_15_6454","SAR_15_6473","SAR_15_6454_SAR_15_6473",TRUE,"within-group subordinate","within-group subordinate",122,66,56,22,34,88,100,1,99999,4982,4979,4963,0.317326930772309,0,0,NA,NA,"none","hothiphop.parents","none"
"119",2015,"Test_F1","SAR_15_6740",2,"SAR_15_6508","SAR_15_6473","SAR_15_6473_SAR_15_6508",FALSE,"within-group subordinate","within-group subordinate",317,189,128,119,34,308,223,1,99999,3025,4979,3019,0.317326930772309,0,0,NA,NA,"none","hothiphop.parents","none"
"120",2015,"Test_F1","SAR_15_6740",3,"SAR_15_6454","SAR_15_6401","SAR_15_6401_SAR_15_6454",FALSE,"within-group subordinate","within-group subordinate",347,229,118,22,103,251,332,1,99999,4982,4921,4908,0.317326930772309,0,0,NA,NA,"none","hothiphop.parents","none"
"121",2015,"Test_F1","SAR_15_6741",1,"SAR_15_6440","SAR_15_6401","SAR_15_6401_SAR_15_6440",FALSE,"within-group subordinate","within-group subordinate",361,253,108,25,89,278,342,1,99999,4902,4857,4832,0.341107280470493,0,0,NA,NA,"none","hothiphop.parents","none"
"122",2015,"Test_F1","SAR_15_6741",2,"SAR_15_6508","SAR_15_6401","SAR_15_6401_SAR_15_6508",FALSE,"within-group subordinate","within-group subordinate",371,243,128,107,89,350,332,1,99999,3010,4857,2989,0.341107280470493,0,0,NA,NA,"none","hothiphop.parents","none"
"123",2015,"Test_F1","SAR_15_6741",3,"SAR_15_6440","SAR_15_6407","SAR_15_6407_SAR_15_6440",FALSE,"within-group subordinate","within-group subordinate",380,251,129,25,116,276,367,1,99999,4902,4899,4872,0.341107280470493,0,0,NA,NA,"none","hothiphop.parents","none"
"124",2015,"Test_F1","SAR_15_6742",1,"SAR_15_6409","SAR_15_6418","SAR_15_6409_SAR_15_6418",TRUE,"within-group subordinate","within-group subordinate",170,104,66,37,33,141,137,1,99999,4982,4945,4934,0.344682555577809,0,0,NA,NA,"none","hothiphop.parents","none"
"125",2015,"Test_F1","SAR_15_6742",2,"SAR_15_6508","SAR_15_6418","SAR_15_6418_SAR_15_6508",FALSE,"within-group subordinate","within-group subordinate",369,248,121,109,33,357,281,1,99999,3025,4945,3007,0.344682555577809,0,0,NA,NA,"none","hothiphop.parents","none"
"126",2015,"Test_F1","SAR_15_6742",3,"SAR_15_6409","SAR_15_6401","SAR_15_6401_SAR_15_6409",FALSE,"within-group subordinate","within-group subordinate",382,267,115,37,87,304,354,1,99999,4982,4918,4907,0.344682555577809,0,0,NA,NA,"none","hothiphop.parents","none"
"127",2015,"Test_F1","SAR_15_6743",1,"SAR_15_6440","SAR_15_6401","SAR_15_6401_SAR_15_6440",FALSE,"within-group subordinate","within-group subordinate",349,261,88,19,75,280,336,1,99999,4960,4911,4887,0.3676293622142,0,0,NA,NA,"none","hothiphop.parents","none"
"128",2015,"Test_F1","SAR_15_6743",2,"SAR_15_6437","SAR_15_6401","SAR_15_6401_SAR_15_6437",FALSE,"within-group subordinate","within-group subordinate",367,239,128,113,75,352,314,1,99999,2650,4911,2631,0.3676293622142,0,0,NA,NA,"none","hothiphop.parents","none"
"129",2015,"Test_F1","SAR_15_6743",3,"SAR_15_6440","SAR_15_6407","SAR_15_6407_SAR_15_6440",FALSE,"within-group subordinate","within-group subordinate",374,266,108,19,92,285,358,1,99999,4960,4953,4929,0.3676293622142,0,0,NA,NA,"none","hothiphop.parents","none"
"130",2015,"Test_F1","SAR_15_6744",1,"SAR_15_6450","SAR_15_6458","SAR_15_6450_SAR_15_6458",TRUE,"within-group subordinate","within-group subordinate",169,106,63,34,31,140,137,1,99999,4929,4935,4913,0.333669965663502,0,0,NA,NA,"none","hothiphop.parents","none"
"131",2015,"Test_F1","SAR_15_6744",2,"SAR_15_6508","SAR_15_6401","SAR_15_6401_SAR_15_6508",FALSE,"within-group subordinate","within-group subordinate",355,224,131,107,98,331,322,1,99999,3010,4875,2989,0.333669965663502,0,0,NA,NA,"none","hothiphop.parents","none"
"132",2015,"Test_F1","SAR_15_6744",3,"SAR_15_6450","SAR_15_6401","SAR_15_6401_SAR_15_6450",FALSE,"within-group subordinate","within-group subordinate",363,243,120,34,98,277,341,1,99999,4929,4875,4855,0.333669965663502,0,0,NA,NA,"none","hothiphop.parents","none"
"133",2015,"Test_F1","SAR_15_6745",1,"SAR_15_6409","SAR_15_6418","SAR_15_6409_SAR_15_6418",TRUE,"within-group subordinate","within-group subordinate",122,73,49,19,32,92,105,1,99999,5010,4977,4960,0.33658245474438,0,0,NA,NA,"none","hothiphop.parents","none"
"134",2015,"Test_F1","SAR_15_6745",2,"SAR_15_6437","SAR_15_6418","SAR_15_6418_SAR_15_6437",FALSE,"within-group subordinate","within-group subordinate",348,202,146,140,32,342,234,1,99999,2663,4977,2646,0.33658245474438,0,0,NA,NA,"none","hothiphop.parents","none"
"135",2015,"Test_F1","SAR_15_6745",3,"SAR_15_6508","SAR_15_6418","SAR_15_6418_SAR_15_6508",FALSE,"within-group subordinate","within-group subordinate",353,233,120,112,32,345,265,1,99999,3027,4977,3008,0.33658245474438,0,0,NA,NA,"none","hothiphop.parents","none"
"136",2015,"Test_F1","SAR_15_6746",1,"SAR_15_6426","SAR_15_6434","SAR_15_6426_SAR_15_6434",TRUE,"within-group subordinate","within-group subordinate",134,100,34,21,15,121,115,1,99999,5003,5009,4991,0.338976299541924,0,0,NA,NA,"none","hothiphop.parents","none"
"137",2015,"Test_F1","SAR_15_6746",2,"SAR_15_6426","SAR_15_6407","SAR_15_6407_SAR_15_6426",FALSE,"within-group subordinate","within-group subordinate",320,226,94,21,85,247,311,1,99999,5003,4989,4973,0.338976299541924,0,0,NA,NA,"none","hothiphop.parents","none"
"138",2015,"Test_F1","SAR_15_6746",3,"SAR_15_6508","SAR_15_6407","SAR_15_6407_SAR_15_6508",FALSE,"within-group subordinate","within-group subordinate",370,236,134,111,85,347,321,1,99999,3032,4989,3026,0.338976299541924,0,0,NA,NA,"none","hothiphop.parents","none"
"139",2015,"Test_F1","SAR_15_6747",1,"SAR_15_6450","SAR_15_6458","SAR_15_6450_SAR_15_6458",TRUE,"within-group subordinate","within-group subordinate",298,225,73,36,39,261,264,1,99999,4950,4956,4934,0.375301689460981,0,0,NA,NA,"none","hothiphop.parents","none"
"140",2015,"Test_F1","SAR_15_6747",2,"SAR_15_6508","SAR_15_6401","SAR_15_6401_SAR_15_6508",FALSE,"within-group subordinate","within-group subordinate",387,272,115,92,75,364,347,1,99999,3009,4899,2989,0.375301689460981,0,0,NA,NA,"none","hothiphop.parents","none"
"141",2015,"Test_F1","SAR_15_6747",3,"SAR_15_6508","SAR_15_6458","SAR_15_6458_SAR_15_6508",FALSE,"within-group subordinate","within-group subordinate",397,298,99,92,39,390,337,1,99999,3009,4956,3004,0.375301689460981,0,0,NA,NA,"none","hothiphop.parents","none"
"142",2015,"Test_F1","SAR_15_6748",1,"SAR_15_6440","SAR_15_6407","SAR_15_6407_SAR_15_6440",FALSE,"within-group subordinate","within-group subordinate",356,264,92,14,81,278,345,1,99999,4934,4931,4906,0.371975806451613,0,0,NA,NA,"none","hothiphop.parents","none"
"143",2015,"Test_F1","SAR_15_6748",2,"SAR_15_6440","SAR_15_6401","SAR_15_6401_SAR_15_6440",FALSE,"within-group subordinate","within-group subordinate",364,277,87,14,76,291,353,1,99999,4934,4888,4865,0.371975806451613,0,0,NA,NA,"none","hothiphop.parents","none"
"144",2015,"Test_F1","SAR_15_6748",3,"SAR_15_6437","SAR_15_6401","SAR_15_6401_SAR_15_6437",FALSE,"within-group subordinate","within-group subordinate",384,257,127,111,76,368,333,1,99999,2646,4888,2627,0.371975806451613,0,0,NA,NA,"none","hothiphop.parents","none"
"145",2015,"Test_F1","SAR_15_6749",1,"SAR_15_6445","SAR_15_6432","SAR_15_6432_SAR_15_6445",TRUE,"within-group subordinate","within-group subordinate",254,163,91,46,54,209,217,1,99999,4914,4858,4839,0.362254206365295,0,0,NA,NA,"none","hothiphop.parents","none"
"146",2015,"Test_F1","SAR_15_6749",2,"SAR_15_6508","SAR_15_6401","SAR_15_6401_SAR_15_6508",FALSE,"within-group subordinate","within-group subordinate",398,268,130,106,84,374,352,1,99999,3004,4861,2984,0.362254206365295,0,0,NA,NA,"none","hothiphop.parents","none"
"147",2015,"Test_F1","SAR_15_6749",3,"SAR_15_6437","SAR_15_6401","SAR_15_6401_SAR_15_6437",FALSE,"within-group subordinate","within-group subordinate",401,263,138,117,84,380,347,1,99999,2628,4861,2612,0.362254206365295,0,0,NA,NA,"none","hothiphop.parents","none"
"148",2015,"Test_F1","SAR_15_6750",1,"SAR_15_6489","SAR_15_6486","SAR_15_6486_SAR_15_6489",TRUE,"within-group subordinate","within-group subordinate",167,119,48,27,24,146,143,1,99999,4971,4998,4954,0.344092448694959,0,0,NA,NA,"none","hothiphop.parents","none"
"149",2015,"Test_F1","SAR_15_6750",2,"SAR_15_6489","SAR_15_6401","SAR_15_6401_SAR_15_6489",FALSE,"within-group subordinate","within-group subordinate",367,267,100,27,78,294,345,1,99999,4971,4941,4899,0.344092448694959,0,0,NA,NA,"none","hothiphop.parents","none"
"150",2015,"Test_F1","SAR_15_6750",3,"SAR_15_6508","SAR_15_6401","SAR_15_6401_SAR_15_6508",FALSE,"within-group subordinate","within-group subordinate",381,240,141,119,78,359,318,1,99999,3031,4941,3011,0.344092448694959,0,0,NA,NA,"none","hothiphop.parents","none"
"151",2015,"Test_F1","SAR_15_6751",1,"SAR_15_6431","SAR_15_6447","SAR_15_6431_SAR_15_6447",TRUE,"within-group subordinate","within-group subordinate",115,55,60,33,28,88,83,1,99999,4944,4971,4937,0.295500200883889,0,0,NA,NA,"none","hothiphop.parents","none"
"152",2015,"Test_F1","SAR_15_6751",2,"SAR_15_6431","SAR_15_6401","SAR_15_6401_SAR_15_6431",FALSE,"within-group subordinate","within-group subordinate",336,196,140,33,116,229,312,1,99999,4944,4904,4873,0.295500200883889,0,0,NA,NA,"none","hothiphop.parents","none"
"153",2015,"Test_F1","SAR_15_6751",3,"SAR_15_6431","SAR_15_6407","SAR_15_6407_SAR_15_6431",FALSE,"within-group subordinate","within-group subordinate",370,224,146,33,125,257,349,1,99999,4944,4948,4915,0.295500200883889,0,0,NA,NA,"none","hothiphop.parents","none"
"154",2015,"Test_F1","SAR_15_6752",1,"SAR_15_6440","SAR_15_6401","SAR_15_6401_SAR_15_6440",FALSE,"within-group subordinate","within-group subordinate",316,209,107,17,93,226,302,1,99999,4964,4918,4896,0.313226452905812,0,0,NA,NA,"none","hothiphop.parents","none"
"155",2015,"Test_F1","SAR_15_6752",2,"SAR_15_6440","SAR_15_6407","SAR_15_6407_SAR_15_6440",FALSE,"within-group subordinate","within-group subordinate",338,214,124,17,109,231,323,1,99999,4964,4960,4935,0.313226452905812,0,0,NA,NA,"none","hothiphop.parents","none"
"156",2015,"Test_F1","SAR_15_6752",3,"SAR_15_6508","SAR_15_6401","SAR_15_6401_SAR_15_6508",FALSE,"within-group subordinate","within-group subordinate",365,222,143,113,93,335,315,1,99999,3021,4918,3002,0.313226452905812,0,0,NA,NA,"none","hothiphop.parents","none"
"157",2015,"Test_F1","SAR_15_6753",1,"SAR_15_6425","SAR_15_6427","SAR_15_6425_SAR_15_6427",TRUE,"within-group subordinate","within-group subordinate",132,86,46,30,22,116,108,1,99999,4990,4993,4970,0.323095333067411,0,0,NA,NA,"none","hothiphop.parents","none"
"158",2015,"Test_F1","SAR_15_6753",2,"SAR_15_6508","SAR_15_6427","SAR_15_6427_SAR_15_6508",FALSE,"within-group subordinate","within-group subordinate",331,220,111,109,22,329,242,1,99999,3030,4993,3023,0.323095333067411,0,0,NA,NA,"none","hothiphop.parents","none"
"159",2015,"Test_F1","SAR_15_6753",3,"SAR_15_6508","SAR_15_6401","SAR_15_6401_SAR_15_6508",FALSE,"within-group subordinate","within-group subordinate",363,223,140,109,106,332,329,1,99999,3030,4936,3009,0.323095333067411,0,0,NA,NA,"none","hothiphop.parents","none"
"160",2015,"Test_F1","SAR_15_6754",1,"SAR_15_6445","SAR_15_6432","SAR_15_6432_SAR_15_6445",TRUE,"within-group subordinate","within-group subordinate",214,165,49,29,24,194,189,1,99999,4997,4943,4924,0.369417862838915,0,0,NA,NA,"none","hothiphop.parents","none"
"161",2015,"Test_F1","SAR_15_6754",2,"SAR_15_6437","SAR_15_6401","SAR_15_6401_SAR_15_6437",FALSE,"within-group subordinate","within-group subordinate",400,267,133,113,83,380,350,1,99999,2666,4940,2647,0.369417862838915,0,0,NA,NA,"none","hothiphop.parents","none"
"162",2015,"Test_F1","SAR_15_6754",3,"SAR_15_6508","SAR_15_6401","SAR_15_6401_SAR_15_6508",FALSE,"within-group subordinate","within-group subordinate",403,275,128,104,83,379,358,1,99999,3026,4940,3006,0.369417862838915,0,0,NA,NA,"none","hothiphop.parents","none"
"163",2015,"Test_F1","SAR_15_6755",1,"SAR_15_6472","SAR_15_6449","SAR_15_6449_SAR_15_6472",TRUE,"within-group subordinate","within-group subordinate",141,104,37,18,20,122,124,1,99999,4998,4942,4931,0.349770413256139,0,0,NA,NA,"none","hothiphop.parents","none"
"164",2015,"Test_F1","SAR_15_6755",2,"SAR_15_6472","SAR_15_6401","SAR_15_6401_SAR_15_6472",FALSE,"within-group subordinate","within-group subordinate",333,241,92,18,84,259,325,1,99999,4998,4934,4923,0.349770413256139,0,0,NA,NA,"none","hothiphop.parents","none"
"165",2015,"Test_F1","SAR_15_6755",3,"SAR_15_6508","SAR_15_6449","SAR_15_6449_SAR_15_6508",FALSE,"within-group subordinate","within-group subordinate",357,232,125,118,20,350,252,1,99999,3024,4942,3014,0.349770413256139,0,0,NA,NA,"none","hothiphop.parents","none"
"166",2015,"Test_F1","SAR_15_6756",1,"SAR_15_6417","SAR_15_6401","SAR_15_6401_SAR_15_6417",TRUE,"within-group subordinate","within-group subordinate",149,103,46,21,29,124,132,1,99999,4934,4883,4866,0.331920048455482,0,0,NA,NA,"none","hothiphop.parents","none"
"167",2015,"Test_F1","SAR_15_6756",2,"SAR_15_6508","SAR_15_6401","SAR_15_6401_SAR_15_6508",FALSE,"within-group subordinate","within-group subordinate",282,167,115,111,29,278,196,1,99999,3005,4883,2987,0.331920048455482,0,0,NA,NA,"none","hothiphop.parents","none"
"168",2015,"Test_F1","SAR_15_6756",3,"SAR_15_6417","SAR_15_6474","SAR_15_6417_SAR_15_6474",FALSE,"within-group subordinate","within-group subordinate",284,157,127,21,112,178,269,1,99999,4934,4943,4924,0.331920048455482,0,0,NA,NA,"none","hothiphop.parents","none"
"169",2015,"Test_F1","SAR_15_6758",1,"SAR_15_6456","SAR_15_6478","SAR_15_6456_SAR_15_6478",TRUE,"within-group subordinate","within-group subordinate",141,91,50,40,15,131,106,1,99999,4904,5020,4900,0.309391165937127,0,0,NA,NA,"none","hothiphop.parents","none"
"170",2015,"Test_F1","SAR_15_6758",2,"SAR_15_6508","SAR_15_6478","SAR_15_6478_SAR_15_6508",FALSE,"within-group subordinate","within-group subordinate",330,197,133,129,15,326,212,1,99999,3032,5020,3031,0.309391165937127,0,0,NA,NA,"none","hothiphop.parents","none"
"171",2015,"Test_F1","SAR_15_6758",3,"SAR_15_6508","SAR_15_6401","SAR_15_6401_SAR_15_6508",FALSE,"within-group subordinate","within-group subordinate",388,229,159,129,118,358,347,1,99999,3032,4949,3012,0.309391165937127,0,0,NA,NA,"none","hothiphop.parents","none"
"172",2015,"Test_F1","SAR_15_6759",1,"SAR_15_6454","SAR_15_6460","SAR_15_6454_SAR_15_6460",TRUE,"within-group subordinate","within-group subordinate",135,89,46,24,24,113,113,1,99999,5012,4985,4968,0.335984095427435,0,0,NA,NA,"none","hothiphop.parents","none"
"173",2015,"Test_F1","SAR_15_6759",2,"SAR_15_6508","SAR_15_6460","SAR_15_6460_SAR_15_6508",FALSE,"within-group subordinate","within-group subordinate",374,241,133,126,24,367,265,1,99999,3035,4985,3017,0.335984095427435,0,0,NA,NA,"none","hothiphop.parents","none"
"174",2015,"Test_F1","SAR_15_6759",3,"SAR_15_6454","SAR_15_6407","SAR_15_6407_SAR_15_6454",FALSE,"within-group subordinate","within-group subordinate",377,266,111,24,93,290,359,1,99999,5012,4997,4979,0.335984095427435,0,0,NA,NA,"none","hothiphop.parents","none"
"175",2015,"Test_F1","SAR_15_6760",1,"SAR_15_6479","SAR_15_6453","SAR_15_6453_SAR_15_6479",TRUE,"within-group subordinate","within-group subordinate",132,102,30,12,18,114,120,1,99999,4974,4963,4919,0.346207445749552,0,0,NA,NA,"none","hothiphop.parents","none"
"176",2015,"Test_F1","SAR_15_6760",2,"SAR_15_6479","SAR_15_6401","SAR_15_6401_SAR_15_6479",FALSE,"within-group subordinate","within-group subordinate",365,275,90,12,81,287,356,1,99999,4974,4943,4898,0.346207445749552,0,0,NA,NA,"none","hothiphop.parents","none"
"177",2015,"Test_F1","SAR_15_6760",3,"SAR_15_6508","SAR_15_6453","SAR_15_6453_SAR_15_6508",FALSE,"within-group subordinate","within-group subordinate",375,258,117,113,18,371,276,1,99999,3032,4963,3020,0.346207445749552,0,0,NA,NA,"none","hothiphop.parents","none"
"178",2015,"Test_F1","SAR_15_6761",1,"SAR_15_6440","SAR_15_6401","SAR_15_6401_SAR_15_6440",FALSE,"within-group subordinate","within-group subordinate",333,190,143,21,132,211,322,1,99999,4988,4939,4914,0.293203109427945,0,0,NA,NA,"none","hothiphop.parents","none"
"179",2015,"Test_F1","SAR_15_6761",2,"SAR_15_6440","SAR_15_6407","SAR_15_6407_SAR_15_6440",FALSE,"within-group subordinate","within-group subordinate",348,191,157,21,145,212,336,1,99999,4988,4984,4957,0.293203109427945,0,0,NA,NA,"none","hothiphop.parents","none"
"180",2015,"Test_F1","SAR_15_6761",3,"SAR_15_6508","SAR_15_6401","SAR_15_6401_SAR_15_6508",FALSE,"within-group subordinate","within-group subordinate",389,202,187,154,132,356,334,1,99999,3025,4939,3005,0.293203109427945,0,0,NA,NA,"none","hothiphop.parents","none"
"181",2015,"Test_F1","SAR_15_6762",1,"SAR_15_6409","SAR_15_6418","SAR_15_6409_SAR_15_6418",TRUE,"within-group subordinate","within-group subordinate",126,67,59,29,33,96,100,1,99999,5004,4975,4957,0.328753484667463,0,0,NA,NA,"none","hothiphop.parents","none"
"182",2015,"Test_F1","SAR_15_6762",2,"SAR_15_6437","SAR_15_6418","SAR_15_6418_SAR_15_6437",FALSE,"within-group subordinate","within-group subordinate",333,189,144,142,33,331,222,1,99999,2659,4975,2643,0.328753484667463,0,0,NA,NA,"none","hothiphop.parents","none"
"183",2015,"Test_F1","SAR_15_6762",3,"SAR_15_6409","SAR_15_6401","SAR_15_6401_SAR_15_6409",FALSE,"within-group subordinate","within-group subordinate",375,231,144,29,124,260,355,1,99999,5004,4942,4928,0.328753484667463,0,0,NA,NA,"none","hothiphop.parents","none"
"184",2015,"Test_F1","SAR_15_6763",1,"SAR_15_6431","SAR_15_6447","SAR_15_6431_SAR_15_6447",TRUE,"within-group subordinate","within-group subordinate",117,74,43,21,22,95,96,1,99999,4999,5024,4990,0.337373335982515,0,0,NA,NA,"none","hothiphop.parents","none"
"185",2015,"Test_F1","SAR_15_6763",2,"SAR_15_6431","SAR_15_6401","SAR_15_6401_SAR_15_6431",FALSE,"within-group subordinate","within-group subordinate",370,257,113,21,98,278,355,1,99999,4999,4953,4922,0.337373335982515,0,0,NA,NA,"none","hothiphop.parents","none"
"186",2015,"Test_F1","SAR_15_6763",3,"SAR_15_6508","SAR_15_6447","SAR_15_6447_SAR_15_6508",FALSE,"within-group subordinate","within-group subordinate",372,232,140,133,22,365,254,1,99999,3038,5024,3035,0.337373335982515,0,0,NA,NA,"none","hothiphop.parents","none"
"187",2015,"Test_F1","SAR_15_6764",1,"SAR_15_6462","SAR_15_6475","SAR_15_6462_SAR_15_6475",TRUE,"within-group subordinate","within-group subordinate",167,113,54,17,40,130,153,1,99999,4979,4838,4821,0.334133653461385,0,0,NA,NA,"none","hothiphop.parents","none"
"188",2015,"Test_F1","SAR_15_6764",2,"SAR_15_6462","SAR_15_6401","SAR_15_6401_SAR_15_6462",FALSE,"within-group subordinate","within-group subordinate",348,240,108,17,96,257,336,1,99999,4979,4923,4907,0.334133653461385,0,0,NA,NA,"none","hothiphop.parents","none"
"189",2015,"Test_F1","SAR_15_6764",3,"SAR_15_6508","SAR_15_6475","SAR_15_6475_SAR_15_6508",FALSE,"within-group subordinate","within-group subordinate",381,238,143,134,40,372,278,1,99999,3024,4838,2983,0.334133653461385,0,0,NA,NA,"none","hothiphop.parents","none"
"190",2015,"Test_F1","SAR_15_6765",1,"SAR_15_6502","SAR_15_6510","SAR_15_6502_SAR_15_6510",TRUE,"within-group subordinate","within-group subordinate",212,141,71,61,19,202,160,1,99999,4383,5007,4369,0.32921974522293,0,0,NA,NA,"none","hothiphop.parents","none"
"191",2015,"Test_F1","SAR_15_6765",2,"SAR_15_6508","SAR_15_6510","SAR_15_6508_SAR_15_6510",FALSE,"within-group subordinate","within-group subordinate",354,228,126,125,19,353,247,1,99999,3031,5007,3024,0.32921974522293,0,0,NA,NA,"none","hothiphop.parents","none"
"192",2015,"Test_F1","SAR_15_6765",3,"SAR_15_6502","SAR_15_6407","SAR_15_6407_SAR_15_6502",FALSE,"within-group subordinate","within-group subordinate",373,259,114,61,74,320,333,1,99999,4383,4991,4363,0.32921974522293,0,0,NA,NA,"none","hothiphop.parents","none"
"193",2015,"Test_F1","SAR_15_6766",1,"SAR_15_6479","SAR_15_6453","SAR_15_6453_SAR_15_6479",TRUE,"within-group subordinate","within-group subordinate",121,65,56,26,33,91,98,1,99999,4920,4913,4872,0.303463552154652,0,0,NA,NA,"none","hothiphop.parents","none"
"194",2015,"Test_F1","SAR_15_6766",2,"SAR_15_6508","SAR_15_6453","SAR_15_6453_SAR_15_6508",FALSE,"within-group subordinate","within-group subordinate",358,220,138,134,33,354,253,1,99999,3021,4913,3009,0.303463552154652,0,0,NA,NA,"none","hothiphop.parents","none"
"195",2015,"Test_F1","SAR_15_6766",3,"SAR_15_6479","SAR_15_6401","SAR_15_6401_SAR_15_6479",FALSE,"within-group subordinate","within-group subordinate",363,246,117,26,94,272,340,1,99999,4920,4891,4849,0.303463552154652,0,0,NA,NA,"none","hothiphop.parents","none"
"196",2015,"Test_F1","SAR_15_6767",1,"SAR_15_6431","SAR_15_6447","SAR_15_6431_SAR_15_6447",TRUE,"within-group subordinate","within-group subordinate",130,75,55,38,18,113,93,1,99999,4949,4975,4942,0.307908470493778,0,0,NA,NA,"none","hothiphop.parents","none"
"197",2015,"Test_F1","SAR_15_6767",2,"SAR_15_6431","SAR_15_6401","SAR_15_6401_SAR_15_6431",FALSE,"within-group subordinate","within-group subordinate",355,226,129,38,100,264,326,1,99999,4949,4907,4877,0.307908470493778,0,0,NA,NA,"none","hothiphop.parents","none"
"198",2015,"Test_F1","SAR_15_6767",3,"SAR_15_6508","SAR_15_6447","SAR_15_6447_SAR_15_6508",FALSE,"within-group subordinate","within-group subordinate",366,230,136,133,18,363,248,1,99999,3021,4975,3018,0.307908470493778,0,0,NA,NA,"none","hothiphop.parents","none"
"199",2015,"Test_F1","SAR_15_6768",1,"SAR_15_6446","SAR_15_6429","SAR_15_6429_SAR_15_6446",TRUE,"within-group subordinate","within-group subordinate",104,60,44,25,21,85,81,1,99999,4964,5017,4956,0.315820895522388,0,0,NA,NA,"none","hothiphop.parents","none"
"200",2015,"Test_F1","SAR_15_6768",2,"SAR_15_6508","SAR_15_6429","SAR_15_6429_SAR_15_6508",FALSE,"within-group subordinate","within-group subordinate",366,204,162,154,21,358,225,1,99999,3032,5017,3029,0.315820895522388,0,0,NA,NA,"none","hothiphop.parents","none"
"201",2015,"Test_F1","SAR_15_6768",3,"SAR_15_6446","SAR_15_6401","SAR_15_6401_SAR_15_6446",FALSE,"within-group subordinate","within-group subordinate",396,261,135,25,118,286,379,1,99999,4964,4946,4891,0.315820895522388,0,0,NA,NA,"none","hothiphop.parents","none"
"202",2015,"Test_F1","SAR_15_6769",1,"SAR_15_6440","SAR_15_6401","SAR_15_6401_SAR_15_6440",FALSE,"within-group subordinate","within-group subordinate",315,197,118,20,105,217,302,1,99999,4990,4938,4914,0.303905938620965,0,0,NA,NA,"none","hothiphop.parents","none"
"203",2015,"Test_F1","SAR_15_6769",2,"SAR_15_6508","SAR_15_6401","SAR_15_6401_SAR_15_6508",FALSE,"within-group subordinate","within-group subordinate",375,206,169,147,105,353,311,1,99999,3027,4938,3006,0.303905938620965,0,0,NA,NA,"none","hothiphop.parents","none"
"204",2015,"Test_F1","SAR_15_6769",3,"SAR_15_6440","SAR_15_6407","SAR_15_6407_SAR_15_6440",FALSE,"within-group subordinate","within-group subordinate",385,209,176,20,166,229,375,1,99999,4990,4985,4959,0.303905938620965,0,0,NA,NA,"none","hothiphop.parents","none"
"205",2015,"Test_F1","SAR_15_6770",1,"SAR_15_6417","SAR_15_6420","SAR_15_6417_SAR_15_6420",TRUE,"within-group subordinate","within-group subordinate",141,78,63,22,46,100,124,1,99999,4950,4843,4826,0.326423827731938,0,0,NA,NA,"none","hothiphop.parents","none"
"206",2015,"Test_F1","SAR_15_6770",2,"SAR_15_6417","SAR_15_6401","SAR_15_6401_SAR_15_6417",TRUE,"within-group subordinate","within-group subordinate",347,233,114,22,99,255,332,1,99999,4950,4899,4882,0.326423827731938,0,0,NA,NA,"none","hothiphop.parents","none"
"207",2015,"Test_F1","SAR_15_6770",3,"SAR_15_6508","SAR_15_6420","SAR_15_6420_SAR_15_6508",FALSE,"within-group subordinate","within-group subordinate",353,219,134,121,46,340,265,1,99999,3026,4843,2985,0.326423827731938,0,0,NA,NA,"none","hothiphop.parents","none"
"208",2015,"Test_F1","SAR_15_6771",1,"SAR_15_6421","SAR_15_6404","SAR_15_6404_SAR_15_6421",TRUE,"within-group subordinate","within-group subordinate",112,66,46,23,25,89,91,1,99999,5012,4974,4965,0.316271659032065,0,0,NA,NA,"none","hothiphop.parents","none"
"209",2015,"Test_F1","SAR_15_6771",2,"SAR_15_6508","SAR_15_6404","SAR_15_6404_SAR_15_6508",FALSE,"within-group subordinate","within-group subordinate",340,227,113,106,25,333,252,1,99999,3027,4974,3013,0.316271659032065,0,0,NA,NA,"none","hothiphop.parents","none"
"210",2015,"Test_F1","SAR_15_6771",3,"SAR_15_6421","SAR_15_6401","SAR_15_6401_SAR_15_6421",FALSE,"within-group subordinate","within-group subordinate",341,235,106,23,90,258,325,1,99999,5012,4942,4933,0.316271659032065,0,0,NA,NA,"none","hothiphop.parents","none"
"211",2015,"Test_F1","SAR_15_6772",1,"SAR_15_6505","SAR_15_6498","SAR_15_6498_SAR_15_6505",TRUE,"within-group subordinate","within-group subordinate",135,75,60,33,34,108,109,1,99999,4836,4931,4793,0.3196227929374,0,0,NA,NA,"none","hothiphop.parents","none"
"212",2015,"Test_F1","SAR_15_6772",2,"SAR_15_6508","SAR_15_6498","SAR_15_6498_SAR_15_6508",FALSE,"within-group subordinate","within-group subordinate",346,203,143,137,34,340,237,1,99999,3022,4931,3001,0.3196227929374,0,0,NA,NA,"none","hothiphop.parents","none"
"213",2015,"Test_F1","SAR_15_6772",3,"SAR_15_6437","SAR_15_6498","SAR_15_6437_SAR_15_6498",FALSE,"within-group subordinate","within-group subordinate",378,198,180,174,34,372,232,1,99999,2638,4931,2619,0.3196227929374,0,0,NA,NA,"none","hothiphop.parents","none"
"214",2015,"Test_F1","SAR_15_6773",1,"SAR_15_6417","SAR_15_6401","SAR_15_6401_SAR_15_6417",TRUE,"within-group subordinate","within-group subordinate",131,87,44,25,25,112,112,1,99999,5004,4948,4929,0.320398009950249,0,0,NA,NA,"none","hothiphop.parents","none"
"215",2015,"Test_F1","SAR_15_6773",2,"SAR_15_6417","SAR_15_6474","SAR_15_6417_SAR_15_6474",FALSE,"within-group subordinate","within-group subordinate",244,120,124,25,104,145,224,1,99999,5004,5012,4991,0.320398009950249,0,0,NA,NA,"none","hothiphop.parents","none"
"216",2015,"Test_F1","SAR_15_6773",3,"SAR_15_6508","SAR_15_6401","SAR_15_6401_SAR_15_6508",FALSE,"within-group subordinate","within-group subordinate",330,188,142,139,25,327,213,1,99999,3031,4948,3011,0.320398009950249,0,0,NA,NA,"none","hothiphop.parents","none"
"217",2015,"Test_F1","SAR_15_6774",1,"SAR_15_6479","SAR_15_6453","SAR_15_6453_SAR_15_6479",TRUE,"within-group subordinate","within-group subordinate",106,66,40,24,17,90,83,1,99999,4962,4951,4908,0.306786427145709,0,0,NA,NA,"none","hothiphop.parents","none"
"218",2015,"Test_F1","SAR_15_6774",2,"SAR_15_6479","SAR_15_6401","SAR_15_6401_SAR_15_6479",FALSE,"within-group subordinate","within-group subordinate",349,243,106,24,88,267,331,1,99999,4962,4930,4886,0.306786427145709,0,0,NA,NA,"none","hothiphop.parents","none"
"219",2015,"Test_F1","SAR_15_6774",3,"SAR_15_6508","SAR_15_6453","SAR_15_6453_SAR_15_6508",FALSE,"within-group subordinate","within-group subordinate",358,231,127,127,17,358,248,1,99999,3028,4951,3016,0.306786427145709,0,0,NA,NA,"none","hothiphop.parents","none"
"220",2015,"Test_F1","SAR_15_6775",1,"SAR_15_6409","SAR_15_6418","SAR_15_6409_SAR_15_6418",TRUE,"within-group subordinate","within-group subordinate",191,155,36,21,17,176,172,1,99999,5004,4977,4958,0.356758909018515,0,0,NA,NA,"none","hothiphop.parents","none"
"221",2015,"Test_F1","SAR_15_6775",2,"SAR_15_6437","SAR_15_6418","SAR_15_6418_SAR_15_6437",FALSE,"within-group subordinate","within-group subordinate",372,242,130,123,17,365,259,1,99999,2663,4977,2647,0.356758909018515,0,0,NA,NA,"none","hothiphop.parents","none"
"222",2015,"Test_F1","SAR_15_6775",3,"SAR_15_6437","SAR_15_6401","SAR_15_6401_SAR_15_6437",FALSE,"within-group subordinate","within-group subordinate",380,234,146,123,90,357,324,1,99999,2663,4946,2644,0.356758909018515,0,0,NA,NA,"none","hothiphop.parents","none"
"223",2015,"Test_F1","SAR_15_6776",1,"SAR_15_6454","SAR_15_6473","SAR_15_6454_SAR_15_6473",TRUE,"within-group subordinate","within-group subordinate",212,179,33,15,18,194,197,1,99999,5005,4997,4983,0.36885082652858,0,0,NA,NA,"none","hothiphop.parents","none"
"224",2015,"Test_F1","SAR_15_6776",2,"SAR_15_6508","SAR_15_6473","SAR_15_6473_SAR_15_6508",FALSE,"within-group subordinate","within-group subordinate",358,259,99,92,18,351,277,1,99999,3032,4997,3022,0.36885082652858,0,0,NA,NA,"none","hothiphop.parents","none"
"225",2015,"Test_F1","SAR_15_6776",3,"SAR_15_6508","SAR_15_6401","SAR_15_6401_SAR_15_6508",FALSE,"within-group subordinate","within-group subordinate",366,251,115,92,77,343,328,1,99999,3032,4943,3011,0.36885082652858,0,0,NA,NA,"none","hothiphop.parents","none"
"226",2015,"Test_F1","SAR_15_6777",1,"SAR_15_6505","SAR_15_6498","SAR_15_6498_SAR_15_6505",TRUE,"within-group subordinate","within-group subordinate",136,79,57,45,21,124,100,1,99999,4856,4956,4811,0.308582834331337,0,0,NA,NA,"none","hothiphop.parents","none"
"227",2015,"Test_F1","SAR_15_6777",2,"SAR_15_6508","SAR_15_6498","SAR_15_6498_SAR_15_6508",FALSE,"within-group subordinate","within-group subordinate",333,190,143,140,21,330,211,1,99999,3027,4956,3006,0.308582834331337,0,0,NA,NA,"none","hothiphop.parents","none"
"228",2015,"Test_F1","SAR_15_6777",3,"SAR_15_6437","SAR_15_6498","SAR_15_6437_SAR_15_6498",FALSE,"within-group subordinate","within-group subordinate",348,191,157,152,21,343,212,1,99999,2656,4956,2636,0.308582834331337,0,0,NA,NA,"none","hothiphop.parents","none"
"229",2015,"Test_F1","SAR_15_6778",1,"SAR_15_6454","SAR_15_6460","SAR_15_6454_SAR_15_6460",TRUE,"within-group subordinate","within-group subordinate",171,66,105,55,51,121,117,1,99999,4789,4772,4759,0.290235269623152,0,0,NA,NA,"none","hothiphop.parents","none"
"230",2015,"Test_F1","SAR_15_6778",2,"SAR_15_6508","SAR_15_6460","SAR_15_6460_SAR_15_6508",FALSE,"within-group subordinate","within-group subordinate",338,183,155,137,51,320,234,1,99999,2955,4772,2944,0.290235269623152,0,0,NA,NA,"none","hothiphop.parents","none"
"231",2015,"Test_F1","SAR_15_6778",3,"SAR_15_6454","SAR_15_6401","SAR_15_6401_SAR_15_6454",FALSE,"within-group subordinate","within-group subordinate",348,218,130,55,83,273,301,1,99999,4789,4747,4736,0.290235269623152,0,0,NA,NA,"none","hothiphop.parents","none"
"232",2015,"Test_F1","SAR_15_6779",1,"SAR_15_6454","SAR_15_6460","SAR_15_6454_SAR_15_6460",TRUE,"within-group subordinate","within-group subordinate",156,67,89,46,46,113,113,1,99999,4863,4845,4829,0.292418032786885,0,0,NA,NA,"none","hothiphop.parents","none"
"233",2015,"Test_F1","SAR_15_6779",2,"SAR_15_6454","SAR_15_6401","SAR_15_6401_SAR_15_6454",FALSE,"within-group subordinate","within-group subordinate",346,198,148,46,113,244,311,1,99999,4863,4812,4798,0.292418032786885,0,0,NA,NA,"none","hothiphop.parents","none"
"234",2015,"Test_F1","SAR_15_6779",3,"SAR_15_6508","SAR_15_6460","SAR_15_6460_SAR_15_6508",FALSE,"within-group subordinate","within-group subordinate",349,205,144,130,46,335,251,1,99999,2992,4845,2980,0.292418032786885,0,0,NA,NA,"none","hothiphop.parents","none"
"235",2015,"Test_F1","SAR_15_6780",1,"SAR_15_6454","SAR_15_6460","SAR_15_6454_SAR_15_6460",TRUE,"within-group subordinate","within-group subordinate",127,86,41,15,28,101,114,1,99999,4994,4971,4955,0.325883057273997,0,0,NA,NA,"none","hothiphop.parents","none"
"236",2015,"Test_F1","SAR_15_6780",2,"SAR_15_6508","SAR_15_6460","SAR_15_6460_SAR_15_6508",FALSE,"within-group subordinate","within-group subordinate",348,217,131,123,28,340,245,1,99999,3022,4971,3007,0.325883057273997,0,0,NA,NA,"none","hothiphop.parents","none"
"237",2015,"Test_F1","SAR_15_6780",3,"SAR_15_6454","SAR_15_6420","SAR_15_6420_SAR_15_6454",FALSE,"within-group subordinate","within-group subordinate",351,206,145,15,136,221,342,1,99999,4994,4882,4865,0.325883057273997,0,0,NA,NA,"none","hothiphop.parents","none"
"238",2015,"Test_F1","SAR_15_6781",1,"SAR_15_6470","SAR_15_6483","SAR_15_6470_SAR_15_6483",TRUE,"within-group subordinate","within-group subordinate",234,159,75,36,43,195,202,1,99999,4946,4943,4932,0.361710712124269,0,0,NA,NA,"none","hothiphop.parents","none"
"239",2015,"Test_F1","SAR_15_6781",2,"SAR_15_6508","SAR_15_6401","SAR_15_6401_SAR_15_6508",FALSE,"within-group subordinate","within-group subordinate",372,265,107,93,70,358,335,1,99999,3012,4884,2995,0.361710712124269,0,0,NA,NA,"none","hothiphop.parents","none"
"240",2015,"Test_F1","SAR_15_6781",3,"SAR_15_6470","SAR_15_6401","SAR_15_6401_SAR_15_6470",FALSE,"within-group subordinate","within-group subordinate",378,279,99,36,70,315,349,1,99999,4946,4884,4874,0.361710712124269,0,0,NA,NA,"none","hothiphop.parents","none"
"241",2015,"Test_F1","SAR_15_6782",1,"SAR_15_6417","SAR_15_6401","SAR_15_6401_SAR_15_6417",TRUE,"within-group subordinate","within-group subordinate",159,122,37,16,28,138,150,1,99999,4999,4942,4924,0.371787208607292,0,0,NA,NA,"none","hothiphop.parents","none"
"242",2015,"Test_F1","SAR_15_6782",2,"SAR_15_6417","SAR_15_6474","SAR_15_6417_SAR_15_6474",FALSE,"within-group subordinate","within-group subordinate",285,173,112,16,99,189,272,1,99999,4999,5005,4985,0.371787208607292,0,0,NA,NA,"none","hothiphop.parents","none"
"243",2015,"Test_F1","SAR_15_6782",3,"SAR_15_6508","SAR_15_6401","SAR_15_6401_SAR_15_6508",FALSE,"within-group subordinate","within-group subordinate",320,208,112,105,28,313,236,1,99999,3026,4942,3007,0.371787208607292,0,0,NA,NA,"none","hothiphop.parents","none"
"244",2015,"Test_F1","SAR_15_6783",1,"SAR_15_6479","SAR_15_6453","SAR_15_6453_SAR_15_6479",TRUE,"within-group subordinate","within-group subordinate",167,119,48,32,17,151,136,1,99999,4940,4936,4890,0.354037267080745,0,0,NA,NA,"none","hothiphop.parents","none"
"245",2015,"Test_F1","SAR_15_6783",2,"SAR_15_6508","SAR_15_6453","SAR_15_6453_SAR_15_6508",FALSE,"within-group subordinate","within-group subordinate",364,261,103,99,17,360,278,1,99999,3027,4936,3015,0.354037267080745,0,0,NA,NA,"none","hothiphop.parents","none"
"246",2015,"Test_F1","SAR_15_6783",3,"SAR_15_6479","SAR_15_6401","SAR_15_6401_SAR_15_6479",FALSE,"within-group subordinate","within-group subordinate",372,277,95,32,69,309,346,1,99999,4940,4918,4871,0.354037267080745,0,0,NA,NA,"none","hothiphop.parents","none"
"247",2015,"Test_F1","SAR_15_6784",1,"SAR_15_6423","SAR_15_6414","SAR_15_6414_SAR_15_6423",TRUE,"within-group subordinate","within-group subordinate",122,82,40,14,26,96,108,1,99999,5016,5006,4999,0.340633087796138,0,0,NA,NA,"none","hothiphop.parents","none"
"248",2015,"Test_F1","SAR_15_6784",2,"SAR_15_6423","SAR_15_6401","SAR_15_6401_SAR_15_6423",FALSE,"within-group subordinate","within-group subordinate",381,259,122,14,113,273,372,1,99999,5016,4946,4939,0.340633087796138,0,0,NA,NA,"none","hothiphop.parents","none"
"249",2015,"Test_F1","SAR_15_6784",3,"SAR_15_6508","SAR_15_6414","SAR_15_6414_SAR_15_6508",FALSE,"within-group subordinate","within-group subordinate",396,261,135,133,26,394,287,1,99999,3031,5006,3021,0.340633087796138,0,0,NA,NA,"none","hothiphop.parents","none"
"250",2015,"Test_F1","SAR_15_6785",1,"SAR_15_6489","SAR_15_6486","SAR_15_6486_SAR_15_6489",TRUE,"within-group subordinate","within-group subordinate",197,143,54,32,26,175,169,1,99999,4966,4992,4948,0.363980853609892,0,0,NA,NA,"none","hothiphop.parents","none"
"251",2015,"Test_F1","SAR_15_6785",2,"SAR_15_6508","SAR_15_6486","SAR_15_6486_SAR_15_6508",FALSE,"within-group subordinate","within-group subordinate",377,275,102,96,26,371,301,1,99999,3037,4992,3030,0.363980853609892,0,0,NA,NA,"none","hothiphop.parents","none"
"252",2015,"Test_F1","SAR_15_6785",3,"SAR_15_6437","SAR_15_6486","SAR_15_6437_SAR_15_6486",FALSE,"within-group subordinate","within-group subordinate",392,261,131,128,26,389,287,1,99999,2663,4992,2657,0.363980853609892,0,0,NA,NA,"none","hothiphop.parents","none"
"253",2015,"Test_F1","SAR_15_6786",1,"SAR_15_6446","SAR_15_6429","SAR_15_6429_SAR_15_6446",TRUE,"within-group subordinate","within-group subordinate",147,109,38,21,17,130,126,1,99999,4958,5017,4952,0.336584394904459,0,0,NA,NA,"none","hothiphop.parents","none"
"254",2015,"Test_F1","SAR_15_6786",2,"SAR_15_6508","SAR_15_6429","SAR_15_6429_SAR_15_6508",FALSE,"within-group subordinate","within-group subordinate",355,223,132,128,17,351,240,1,99999,3035,5017,3032,0.336584394904459,0,0,NA,NA,"none","hothiphop.parents","none"
"255",2015,"Test_F1","SAR_15_6786",3,"SAR_15_6446","SAR_15_6401","SAR_15_6401_SAR_15_6446",FALSE,"within-group subordinate","within-group subordinate",405,299,106,21,93,320,392,1,99999,4958,4945,4885,0.336584394904459,0,0,NA,NA,"none","hothiphop.parents","none"
"256",2015,"Test_F1","SAR_15_6787",1,"SAR_15_6482","SAR_15_6465","SAR_15_6465_SAR_15_6482",TRUE,"within-group subordinate","within-group subordinate",151,107,44,21,23,128,130,1,99999,4992,4991,4972,0.353023348633007,0,0,NA,NA,"none","hothiphop.parents","none"
"257",2015,"Test_F1","SAR_15_6787",2,"SAR_15_6482","SAR_15_6468","SAR_15_6468_SAR_15_6482",FALSE,"within-group subordinate","within-group subordinate",360,236,124,21,104,257,340,1,99999,4992,4984,4966,0.353023348633007,0,0,NA,NA,"none","hothiphop.parents","none"
"258",2015,"Test_F1","SAR_15_6787",3,"SAR_15_6437","SAR_15_6465","SAR_15_6437_SAR_15_6465",FALSE,"within-group subordinate","within-group subordinate",384,252,132,127,23,379,275,1,99999,2659,4991,2648,0.353023348633007,0,0,NA,NA,"none","hothiphop.parents","none"
"259",2015,"Test_F1","SAR_15_6788",1,"SAR_15_6417","SAR_15_6420","SAR_15_6417_SAR_15_6420",TRUE,"within-group subordinate","within-group subordinate",155,113,42,12,31,125,144,1,99999,4976,4869,4853,0.371245494593512,0,0,NA,NA,"none","hothiphop.parents","none"
"260",2015,"Test_F1","SAR_15_6788",2,"SAR_15_6508","SAR_15_6420","SAR_15_6420_SAR_15_6508",FALSE,"within-group subordinate","within-group subordinate",342,231,111,102,31,333,262,1,99999,3024,4869,2987,0.371245494593512,0,0,NA,NA,"none","hothiphop.parents","none"
"261",2015,"Test_F1","SAR_15_6788",3,"SAR_15_6417","SAR_15_6401","SAR_15_6401_SAR_15_6417",TRUE,"within-group subordinate","within-group subordinate",360,265,95,12,88,277,353,1,99999,4976,4918,4902,0.371245494593512,0,0,NA,NA,"none","hothiphop.parents","none"
"262",2015,"Test_F1","SAR_15_6789",1,"SAR_15_6446","SAR_15_6429","SAR_15_6429_SAR_15_6446",TRUE,"within-group subordinate","within-group subordinate",346,294,52,34,21,328,315,1,99999,4912,4963,4904,0.432220434432824,0,0,NA,NA,"none","hothiphop.parents","none"
"263",2015,"Test_F1","SAR_15_6789",2,"SAR_15_6508","SAR_15_6401","SAR_15_6401_SAR_15_6508",FALSE,"within-group subordinate","within-group subordinate",361,290,71,50,58,340,348,1,99999,3020,4900,3001,0.432220434432824,0,0,NA,NA,"none","hothiphop.parents","none"
"264",2015,"Test_F1","SAR_15_6789",3,"SAR_15_6437","SAR_15_6401","SAR_15_6401_SAR_15_6437",FALSE,"within-group subordinate","within-group subordinate",383,288,95,82,58,370,346,1,99999,2657,4900,2640,0.432220434432824,0,0,NA,NA,"none","hothiphop.parents","none"
"265",2015,"Test_F1","SAR_15_6790",1,"SAR_15_6492","SAR_15_6484","SAR_15_6484_SAR_15_6492",TRUE,"within-group subordinate","within-group subordinate",163,89,74,21,55,110,144,1,99999,4975,4901,4878,0.316536692661468,0,0,NA,NA,"none","hothiphop.parents","none"
"266",2015,"Test_F1","SAR_15_6790",2,"SAR_15_6492","SAR_15_6401","SAR_15_6401_SAR_15_6492",FALSE,"within-group subordinate","within-group subordinate",346,241,105,21,94,262,335,1,99999,4975,4926,4904,0.316536692661468,0,0,NA,NA,"none","hothiphop.parents","none"
"267",2015,"Test_F1","SAR_15_6790",3,"SAR_15_6508","SAR_15_6401","SAR_15_6401_SAR_15_6508",FALSE,"within-group subordinate","within-group subordinate",362,221,141,105,94,326,315,1,99999,3028,4926,3009,0.316536692661468,0,0,NA,NA,"none","hothiphop.parents","none"
"268",2015,"Test_F1","SAR_15_6791",1,"SAR_15_6454","SAR_15_6460","SAR_15_6454_SAR_15_6460",TRUE,"within-group subordinate","within-group subordinate",167,125,42,18,27,143,152,1,99999,4990,4973,4956,0.349041533546326,0,0,NA,NA,"none","hothiphop.parents","none"
"269",2015,"Test_F1","SAR_15_6791",2,"SAR_15_6508","SAR_15_6460","SAR_15_6460_SAR_15_6508",FALSE,"within-group subordinate","within-group subordinate",332,232,100,92,27,324,259,1,99999,3028,4973,3015,0.349041533546326,0,0,NA,NA,"none","hothiphop.parents","none"
"270",2015,"Test_F1","SAR_15_6791",3,"SAR_15_6454","SAR_15_6401","SAR_15_6401_SAR_15_6454",FALSE,"within-group subordinate","within-group subordinate",338,254,84,18,72,272,326,1,99999,4990,4932,4917,0.349041533546326,0,0,NA,NA,"none","hothiphop.parents","none"
"271",2015,"Test_F1","SAR_15_6792",1,"SAR_15_6417","SAR_15_6420","SAR_15_6417_SAR_15_6420",TRUE,"within-group subordinate","within-group subordinate",150,100,50,22,30,122,130,1,99999,4992,4886,4868,0.34976057462091,0,0,NA,NA,"none","hothiphop.parents","none"
"272",2015,"Test_F1","SAR_15_6792",2,"SAR_15_6508","SAR_15_6420","SAR_15_6420_SAR_15_6508",FALSE,"within-group subordinate","within-group subordinate",355,224,131,124,30,348,254,1,99999,3025,4886,2985,0.34976057462091,0,0,NA,NA,"none","hothiphop.parents","none"
"273",2015,"Test_F1","SAR_15_6792",3,"SAR_15_6417","SAR_15_6401","SAR_15_6401_SAR_15_6417",TRUE,"within-group subordinate","within-group subordinate",365,257,108,22,95,279,352,1,99999,4992,4935,4916,0.34976057462091,0,0,NA,NA,"none","hothiphop.parents","none"
"274",2015,"Test_F1","SAR_15_6793",1,"SAR_15_6446","SAR_15_6429","SAR_15_6429_SAR_15_6446",TRUE,"within-group subordinate","within-group subordinate",97,45,52,38,16,83,61,1,99999,4953,5005,4946,0.31364724660814,0,0,NA,NA,"none","hothiphop.parents","none"
"275",2015,"Test_F1","SAR_15_6793",2,"SAR_15_6508","SAR_15_6429","SAR_15_6429_SAR_15_6508",FALSE,"within-group subordinate","within-group subordinate",320,191,129,121,16,312,207,1,99999,3028,5005,3025,0.31364724660814,0,0,NA,NA,"none","hothiphop.parents","none"
"276",2015,"Test_F1","SAR_15_6793",3,"SAR_15_6446","SAR_15_6401","SAR_15_6401_SAR_15_6446",FALSE,"within-group subordinate","within-group subordinate",369,247,122,38,94,285,341,1,99999,4953,4934,4881,0.31364724660814,0,0,NA,NA,"none","hothiphop.parents","none"
"277",2015,"Test_F1","SAR_15_6794",1,"SAR_15_6502","SAR_15_6510","SAR_15_6502_SAR_15_6510",TRUE,"within-group subordinate","within-group subordinate",241,171,70,56,19,227,190,1,99999,4375,4996,4364,0.356287425149701,0,0,NA,NA,"none","hothiphop.parents","none"
"278",2015,"Test_F1","SAR_15_6794",2,"SAR_15_6502","SAR_15_6407","SAR_15_6407_SAR_15_6502",FALSE,"within-group subordinate","within-group subordinate",374,273,101,56,78,329,351,1,99999,4375,4978,4356,0.356287425149701,0,0,NA,NA,"none","hothiphop.parents","none"
"279",2015,"Test_F1","SAR_15_6794",3,"SAR_15_6508","SAR_15_6510","SAR_15_6508_SAR_15_6510",FALSE,"within-group subordinate","within-group subordinate",376,261,115,108,19,369,280,1,99999,3028,4996,3024,0.356287425149701,0,0,NA,NA,"none","hothiphop.parents","none"
"280",2015,"Test_F1","SAR_15_6795",1,"SAR_15_6431","SAR_15_6447","SAR_15_6431_SAR_15_6447",TRUE,"within-group subordinate","within-group subordinate",119,74,45,27,21,101,95,1,99999,4977,5004,4970,0.331869886250249,0,0,NA,NA,"none","hothiphop.parents","none"
"281",2015,"Test_F1","SAR_15_6795",2,"SAR_15_6431","SAR_15_6401","SAR_15_6401_SAR_15_6431",FALSE,"within-group subordinate","within-group subordinate",338,221,117,27,98,248,319,1,99999,4977,4933,4902,0.331869886250249,0,0,NA,NA,"none","hothiphop.parents","none"
"282",2015,"Test_F1","SAR_15_6795",3,"SAR_15_6508","SAR_15_6447","SAR_15_6447_SAR_15_6508",FALSE,"within-group subordinate","within-group subordinate",379,240,139,131,21,371,261,1,99999,3030,5004,3027,0.331869886250249,0,0,NA,NA,"none","hothiphop.parents","none"
"283",2015,"Test_F1","SAR_15_6796",1,"SAR_15_6462","SAR_15_6475","SAR_15_6462_SAR_15_6475",TRUE,"within-group subordinate","within-group subordinate",190,122,68,30,44,152,166,1,99999,4980,4838,4825,0.320056044835869,0,0,NA,NA,"none","hothiphop.parents","none"
"284",2015,"Test_F1","SAR_15_6796",2,"SAR_15_6508","SAR_15_6475","SAR_15_6475_SAR_15_6508",FALSE,"within-group subordinate","within-group subordinate",350,215,135,119,44,334,259,1,99999,3029,4838,2983,0.320056044835869,0,0,NA,NA,"none","hothiphop.parents","none"
"285",2015,"Test_F1","SAR_15_6796",3,"SAR_15_6462","SAR_15_6401","SAR_15_6401_SAR_15_6462",FALSE,"within-group subordinate","within-group subordinate",389,257,132,30,112,287,369,1,99999,4980,4925,4910,0.320056044835869,0,0,NA,NA,"none","hothiphop.parents","none"
